,prec_kf_1,prec_kf_2,prec_kf_3,prec_kf_4,prec_kf_5,mean_precision,rec_kf_1,rec_kf_2,rec_kf_3,rec_kf_4,rec_kf_5,mean_recall
0,0.0342,0.03178,0.03257,0.03191,0.03172,0.03244,1.0,1.0,1.0,1.0,1.0,1.0
1,0.1011,0.0943,0.09733,0.09411,0.0935,0.09606,0.97772,0.98602,0.99155,0.98143,0.98199,0.98369
2,0.10111,0.09431,0.09734,0.09411,0.09351,0.09606,0.97772,0.98602,0.99155,0.98143,0.98199,0.98369
3,0.10111,0.09432,0.09735,0.09412,0.09356,0.09607,0.97772,0.98602,0.99155,0.98143,0.98199,0.98369
4,0.10113,0.09436,0.09726,0.09413,0.09364,0.09607,0.97772,0.98602,0.99025,0.98143,0.98199,0.98369
5,0.10115,0.09437,0.0973,0.09419,0.09369,0.09608,0.97772,0.98602,0.99025,0.98143,0.98199,0.98369
6,0.10124,0.09448,0.09731,0.09427,0.09369,0.0961,0.97772,0.98602,0.99025,0.98143,0.98199,0.98343
7,0.10127,0.09448,0.09739,0.09428,0.09382,0.0961,0.97772,0.98602,0.99025,0.98143,0.98199,0.98343
8,0.10128,0.09449,0.09741,0.09429,0.09386,0.09618,0.97772,0.98602,0.99025,0.98143,0.98199,0.98343
9,0.10142,0.09469,0.09742,0.09441,0.09387,0.09618,0.97772,0.98602,0.99025,0.98143,0.98199,0.98343
10,0.10143,0.09469,0.09744,0.09441,0.09388,0.0962,0.97772,0.98602,0.99025,0.98143,0.98199,0.98343
11,0.10144,0.09475,0.09745,0.09442,0.09388,0.0962,0.97772,0.98602,0.99025,0.98143,0.98199,0.98343
12,0.10145,0.09476,0.09745,0.09443,0.12878,0.0962,0.97772,0.98602,0.99025,0.98143,0.95997,0.98343
13,0.10146,0.09479,0.09748,0.09449,0.12879,0.09634,0.97772,0.98602,0.99025,0.98143,0.95997,0.98343
14,0.10148,0.0948,0.09749,0.0945,0.1288,0.09634,0.97772,0.98602,0.99025,0.98143,0.95997,0.98343
15,0.10148,0.1335,0.13664,0.09454,0.12884,0.09635,0.97772,0.9767,0.97856,0.98143,0.95997,0.98343
16,0.1015,0.13351,0.13665,0.09455,0.12893,0.09635,0.97772,0.9767,0.97856,0.98143,0.95997,0.98343
17,0.1015,0.13352,0.13666,0.09456,0.12904,0.09635,0.97772,0.9767,0.97856,0.98143,0.95997,0.98343
18,0.10151,0.13353,0.13669,0.13077,0.12905,0.09635,0.97772,0.9767,0.97856,0.96751,0.95997,0.98343
19,0.14014,0.13355,0.1367,0.13078,0.12908,0.09636,0.9672,0.9767,0.97856,0.96751,0.95997,0.98343
20,0.14015,0.13361,0.1368,0.13079,0.12909,0.0964,0.9672,0.9767,0.97856,0.96751,0.95997,0.98343
21,0.14017,0.13362,0.13682,0.13082,0.12921,0.0964,0.9672,0.9767,0.97856,0.96751,0.95997,0.98343
22,0.14018,0.13363,0.13698,0.13083,0.12922,0.0964,0.9672,0.9767,0.97791,0.96751,0.95997,0.98343
23,0.14019,0.1337,0.13699,0.13095,0.12926,0.09642,0.9672,0.9767,0.97791,0.96751,0.95997,0.98343
24,0.14029,0.13372,0.13701,0.13098,0.12927,0.09642,0.9672,0.9767,0.97791,0.96751,0.95997,0.98343
25,0.14034,0.13376,0.13702,0.131,0.1613,0.09643,0.9672,0.9767,0.97791,0.96751,0.9453,0.98343
26,0.14036,0.13378,0.13703,0.13124,0.16132,0.09644,0.9672,0.9767,0.97791,0.96751,0.9453,0.98343
27,0.14049,0.13379,0.13687,0.13125,0.16133,0.09644,0.9672,0.9767,0.97661,0.96751,0.9453,0.98343
28,0.14051,0.13383,0.13689,0.13126,0.16141,0.09644,0.9672,0.9767,0.97661,0.96751,0.9453,0.98343
29,0.14062,0.13384,0.1369,0.13137,0.16143,0.09644,0.9672,0.9767,0.97661,0.96751,0.9453,0.98343
30,0.14063,0.16719,0.13691,0.13143,0.16152,0.13396,0.9672,0.96471,0.97661,0.96751,0.9453,0.96999
31,0.14065,0.16721,0.17064,0.13144,0.16154,0.13396,0.9672,0.96471,0.95906,0.96751,0.9453,0.96999
32,0.14066,0.16722,0.17066,0.13145,0.16165,0.13396,0.9672,0.96471,0.95906,0.96751,0.9453,0.96999
33,0.14067,0.16728,0.17068,0.13148,0.16176,0.13397,0.9672,0.96471,0.95906,0.96751,0.9453,0.96999
34,0.17589,0.1673,0.17073,0.16379,0.16178,0.13397,0.95359,0.96471,0.95906,0.95159,0.9453,0.96999
35,0.17591,0.16736,0.17075,0.1637,0.16179,0.13397,0.95359,0.96471,0.95906,0.95093,0.9453,0.96999
36,0.17597,0.16738,0.17085,0.16372,0.16181,0.13398,0.95359,0.96471,0.95906,0.95093,0.9453,0.96999
37,0.17599,0.16757,0.17091,0.16375,0.19195,0.13399,0.95359,0.96471,0.95906,0.95093,0.92862,0.96999
38,0.17601,0.16759,0.17093,0.16389,0.19205,0.13401,0.95359,0.96471,0.95906,0.95093,0.92862,0.96999
39,0.17603,0.16771,0.17095,0.1639,0.19213,0.13401,0.95359,0.96471,0.95906,0.95093,0.92862,0.96999
40,0.17605,0.16773,0.17107,0.16392,0.19237,0.13401,0.95359,0.96471,0.95906,0.95093,0.92862,0.96999
41,0.1761,0.16775,0.17109,0.16402,0.19245,0.13411,0.95297,0.96471,0.95906,0.95093,0.92862,0.96999
42,0.17612,0.19955,0.17125,0.16404,0.19248,0.13413,0.95297,0.95473,0.95906,0.95093,0.92862,0.96999
43,0.17614,0.19958,0.17131,0.16405,0.1925,0.13414,0.95297,0.95473,0.95906,0.95093,0.92862,0.96999
44,0.1762,0.19961,0.17139,0.16407,0.19253,0.13414,0.95297,0.95473,0.95906,0.95093,0.92862,0.96999
45,0.17628,0.19972,0.20406,0.16439,0.22222,0.13428,0.95297,0.95473,0.94802,0.95093,0.91394,0.96986
46,0.1763,0.19975,0.20394,0.16445,0.22226,0.13429,0.95297,0.95473,0.94737,0.95093,0.91394,0.96986
47,0.17632,0.19978,0.204,0.16462,0.22229,0.13429,0.95297,0.95473,0.94737,0.95093,0.91394,0.96986
48,0.17634,0.1998,0.20398,0.16471,0.22233,0.1343,0.95297,0.95473,0.94672,0.95093,0.91394,0.96986
49,0.17636,0.20003,0.20406,0.16475,0.22237,0.13432,0.95297,0.95473,0.94672,0.95093,0.91394,0.96986
50,0.20938,0.19997,0.20409,0.16477,0.22253,0.13432,0.94245,0.95406,0.94672,0.95093,0.91328,0.96986
51,0.2094,0.20003,0.20412,0.19601,0.22257,0.13432,0.94245,0.95406,0.94672,0.93767,0.91328,0.96986
52,0.20943,0.20008,0.20435,0.19603,0.2226,0.1344,0.94245,0.95406,0.94672,0.93767,0.91328,0.96986
53,0.20961,0.20003,0.20438,0.19606,0.22264,0.1344,0.94245,0.9534,0.94672,0.93767,0.91328,0.96986
54,0.20966,0.20011,0.20441,0.19623,0.25135,0.13439,0.94245,0.9534,0.94672,0.93767,0.90127,0.9696
55,0.20981,0.23126,0.20443,0.19625,0.2514,0.13439,0.94245,0.94075,0.94672,0.93767,0.90127,0.9696
56,0.2097,0.2313,0.20463,0.19639,0.25116,0.1344,0.94183,0.94075,0.94672,0.93767,0.89993,0.9696
57,0.23991,0.23145,0.20466,0.19642,0.25126,0.1344,0.91955,0.94075,0.94672,0.93767,0.89993,0.9696
58,0.23995,0.23149,0.20475,0.19647,0.2513,0.1344,0.91955,0.94075,0.94672,0.93767,0.89993,0.9696
59,0.24006,0.23153,0.20478,0.19677,0.25173,0.13442,0.91955,0.94075,0.94672,0.93767,0.89993,0.9696
60,0.24014,0.23156,0.20481,0.1968,0.25182,0.13442,0.91955,0.94075,0.94672,0.93767,0.89993,0.9696
61,0.24018,0.23187,0.23575,0.19683,0.25201,0.13443,0.91955,0.94075,0.93502,0.93767,0.89993,0.9696
62,0.24026,0.23191,0.23579,0.19699,0.27579,0.16775,0.91955,0.94075,0.93502,0.93767,0.88459,0.95485
63,0.24038,0.23198,0.2359,0.22592,0.27585,0.16773,0.91955,0.94075,0.93502,0.92706,0.88459,0.95472
64,0.24041,0.2321,0.23594,0.22596,0.27613,0.16774,0.91955,0.94075,0.93502,0.92706,0.88459,0.95472
65,0.26955,0.23213,0.23598,0.22599,0.27625,0.16774,0.90656,0.94075,0.93502,0.92706,0.88459,0.95472
66,0.26965,0.23217,0.2361,0.22603,0.27654,0.16775,0.90656,0.94075,0.93502,0.92706,0.88459,0.95472
67,0.2697,0.23229,0.23613,0.2261,0.2766,0.16775,0.90656,0.94075,0.93502,0.92706,0.88459,0.95472
68,0.26975,0.23232,0.23621,0.22618,0.27662,0.16776,0.90656,0.94075,0.93502,0.92706,0.88392,0.95472
69,0.2698,0.23244,0.23625,0.22625,0.27668,0.16777,0.90656,0.94075,0.93502,0.92706,0.88392,0.95472
70,0.26985,0.26122,0.23624,0.22629,0.30172,0.16784,0.90656,0.9261,0.93437,0.92706,0.86791,0.95472
71,0.26995,0.26127,0.23628,0.22636,0.30179,0.16784,0.90656,0.9261,0.93437,0.92706,0.86791,0.95472
72,0.26998,0.26137,0.23632,0.22669,0.30183,0.16784,0.90532,0.9261,0.93437,0.92706,0.86724,0.95472
73,0.27013,0.26142,0.23636,0.22673,0.30219,0.16785,0.90532,0.9261,0.93437,0.92706,0.86724,0.95472
74,0.27023,0.26191,0.2364,0.22684,0.30226,0.16785,0.90532,0.9261,0.93437,0.92706,0.86724,0.95472
75,0.27048,0.26206,0.23644,0.22687,0.30233,0.16793,0.90532,0.9261,0.93437,0.92706,0.86724,0.95472
76,0.27053,0.26211,0.26594,0.22691,0.30268,0.16796,0.90532,0.9261,0.92398,0.92706,0.86724,0.95472
77,0.27058,0.26216,0.26599,0.22695,0.30275,0.16796,0.90532,0.9261,0.92398,0.92706,0.86724,0.95472
78,0.27073,0.26221,0.26604,0.22698,0.30289,0.16797,0.90532,0.9261,0.92398,0.92706,0.86724,0.95472
79,0.27078,0.26225,0.26609,0.22702,0.30296,0.16798,0.90532,0.9261,0.92398,0.92706,0.86724,0.95472
80,0.3006,0.2623,0.26614,0.25524,0.30303,0.16798,0.89233,0.9261,0.92398,0.91247,0.86724,0.95472
81,0.30067,0.28882,0.26619,0.25529,0.32771,0.16799,0.89233,0.91145,0.92398,0.91247,0.8559,0.95472
82,0.30052,0.28888,0.26624,0.25533,0.3278,0.16799,0.89171,0.91145,0.92398,0.91247,0.8559,0.95472
83,0.30058,0.28906,0.26634,0.25538,0.32805,0.16815,0.89171,0.91145,0.92398,0.91247,0.8559,0.95459
84,0.3009,0.28912,0.26639,0.25515,0.32855,0.16815,0.89171,0.91145,0.92398,0.91114,0.8559,0.95459
85,0.30096,0.28931,0.26659,0.2552,0.32864,0.16816,0.89171,0.91145,0.92398,0.91114,0.8559,0.95459
86,0.30102,0.28955,0.26664,0.2553,0.32881,0.16816,0.89171,0.91145,0.92398,0.91114,0.8559,0.95459
87,0.30109,0.28961,0.26679,0.25534,0.32897,0.16819,0.89171,0.91145,0.92398,0.91114,0.8559,0.95459
88,0.30115,0.28967,0.26684,0.25573,0.32906,0.16832,0.89171,0.91145,0.92398,0.91048,0.8559,0.95459
89,0.30121,0.28974,0.26689,0.25577,0.32914,0.16832,0.89171,0.91145,0.92398,0.91048,0.8559,0.95459
90,0.32747,0.31677,0.26694,0.25587,0.32923,0.16836,0.875,0.89547,0.92398,0.91048,0.8559,0.95459
91,0.32754,0.31692,0.29539,0.25597,0.35264,0.16839,0.875,0.89547,0.90708,0.91048,0.84056,0.95459
92,0.32762,0.31707,0.29545,0.25601,0.35274,0.16839,0.875,0.89547,0.90708,0.91048,0.84056,0.95459
93,0.32777,0.31729,0.29557,0.28505,0.35284,0.1684,0.875,0.89547,0.90708,0.89788,0.84056,0.95459
94,0.3283,0.31737,0.2957,0.28511,0.35304,0.1684,0.875,0.89547,0.90708,0.89788,0.84056,0.95459
95,0.32838,0.31744,0.29576,0.28517,0.35344,0.16841,0.875,0.89547,0.90708,0.89788,0.84056,0.95459
96,0.32838,0.31758,0.29583,0.28523,0.35363,0.20019,0.87438,0.89481,0.90708,0.89788,0.84056,0.94233
97,0.3286,0.31788,0.29589,0.28529,0.35345,0.20019,0.87438,0.89481,0.90708,0.89788,0.83989,0.94233
98,0.32883,0.31779,0.29645,0.28535,0.3811,0.2002,0.87438,0.89414,0.90708,0.89788,0.82855,0.94233
99,0.32891,0.31795,0.29652,0.28553,0.38122,0.20018,0.87438,0.89414,0.90708,0.89788,0.82855,0.9422
100,0.35751,0.31802,0.29664,0.28565,0.38133,0.20019,0.86324,0.89414,0.90708,0.89788,0.82855,0.9422
101,0.3576,0.3448,0.29689,0.28571,0.38114,0.2002,0.86324,0.88083,0.90708,0.89788,0.82789,0.9422
102,0.35769,0.34489,0.29708,0.28583,0.38149,0.20023,0.86324,0.88083,0.90708,0.89788,0.82789,0.94207
103,0.35788,0.34498,0.29715,0.2859,0.38161,0.20023,0.86324,0.88083,0.90708,0.89788,0.82789,0.94207
104,0.35797,0.34507,0.29721,0.28596,0.38185,0.20033,0.86324,0.88083,0.90708,0.89788,0.82789,0.94207
105,0.35806,0.34517,0.32583,0.31517,0.38196,0.20036,0.86324,0.88016,0.89344,0.88196,0.82789,0.94207
106,0.35861,0.34535,0.32591,0.31524,0.40645,0.20037,0.86324,0.88016,0.89344,0.88196,0.81588,0.94207
107,0.3587,0.34544,0.32598,0.31554,0.40658,0.20038,0.86324,0.88016,0.89344,0.88196,0.81588,0.94207
108,0.3588,0.34562,0.32606,0.31561,0.40639,0.20039,0.86324,0.88016,0.89344,0.88196,0.81521,0.94207
109,0.35917,0.34571,0.32629,0.31599,0.40652,0.20039,0.86324,0.88016,0.89344,0.88196,0.81521,0.94207
110,0.35926,0.34589,0.32637,0.31606,0.40666,0.20063,0.86324,0.88016,0.89344,0.88196,0.81521,0.94207
111,0.38606,0.34607,0.32645,0.31614,0.40679,0.20063,0.85025,0.88016,0.89344,0.88196,0.81521,0.94207
112,0.38617,0.37429,0.32653,0.31637,0.40693,0.20064,0.85025,0.87217,0.89344,0.88196,0.81521,0.94207
113,0.38628,0.37439,0.32668,0.31659,0.40706,0.20066,0.85025,0.87217,0.89344,0.88196,0.81521,0.94207
114,0.38682,0.37421,0.32699,0.31667,0.4072,0.20066,0.85025,0.8715,0.89344,0.88196,0.81521,0.94207
115,0.38693,0.37432,0.35293,0.31674,0.42756,0.20067,0.85025,0.8715,0.87784,0.88196,0.8052,0.94207
116,0.38726,0.37436,0.35302,0.31658,0.42786,0.20077,0.85025,0.87084,0.87784,0.8813,0.8052,0.94194
117,0.38737,0.37468,0.3532,0.34568,0.42801,0.20079,0.85025,0.87084,0.87784,0.86671,0.8052,0.94194
118,0.41418,0.37479,0.35329,0.34577,0.42817,0.2008,0.8422,0.87084,0.87784,0.86671,0.8052,0.94194
119,0.41431,0.37489,0.35339,0.34586,0.42832,0.20083,0.8422,0.87084,0.87784,0.86671,0.8052,0.94194
120,0.41443,0.40012,0.35366,0.34595,0.42847,0.20083,0.8422,0.86019,0.87784,0.86671,0.8052,0.94194
121,0.41426,0.40025,0.3535,0.34604,0.42862,0.20083,0.84158,0.86019,0.87719,0.86671,0.8052,0.94181
122,0.41451,0.40037,0.38016,0.34587,0.45071,0.20085,0.84158,0.86019,0.8616,0.86605,0.7992,0.94181
123,0.41463,0.4005,0.38049,0.34596,0.45088,0.20083,0.84158,0.86019,0.8616,0.86605,0.7992,0.94168
124,0.41489,0.40062,0.38071,0.34605,0.45105,0.23101,0.84158,0.86019,0.8616,0.86605,0.7992,0.92719
125,0.43803,0.40074,0.38082,0.34624,0.45122,0.23101,0.83106,0.86019,0.8616,0.86605,0.7992,0.92719
126,0.43817,0.40056,0.38114,0.34633,0.45139,0.23102,0.83106,0.85952,0.8616,0.86605,0.7992,0.92719
127,0.43832,0.40037,0.4032,0.34642,0.45156,0.23103,0.83106,0.85885,0.8512,0.86605,0.7992,0.92719
128,0.4386,0.40062,0.40357,0.3466,0.47542,0.23104,0.83106,0.85885,0.8512,0.86605,0.78719,0.92719
129,0.43875,0.40075,0.4037,0.37279,0.47561,0.23104,0.83106,0.85885,0.8512,0.85411,0.78719,0.92719
130,0.43889,0.40112,0.40382,0.3729,0.47581,0.23105,0.83106,0.85885,0.8512,0.85411,0.78719,0.92719
131,0.43903,0.40124,0.40407,0.37301,0.47579,0.23108,0.83106,0.85885,0.8512,0.85411,0.78652,0.92719
132,0.46199,0.42608,0.4042,0.37312,0.49787,0.2311,0.81993,0.84621,0.8512,0.85411,0.77919,0.92719
133,0.46216,0.42622,0.40432,0.37355,0.49808,0.23111,0.81993,0.84621,0.8512,0.85411,0.77919,0.92719
134,0.46232,0.42632,0.40445,0.37366,0.49829,0.23112,0.81993,0.84554,0.8512,0.85411,0.77919,0.92719
135,0.46248,0.42646,0.42762,0.37388,0.5205,0.23118,0.81993,0.84554,0.83496,0.85411,0.77051,0.92719
136,0.4628,0.4266,0.42791,0.37398,0.52074,0.23124,0.81993,0.84554,0.83496,0.85411,0.77051,0.92719
137,0.46296,0.453,0.42805,0.37409,0.52121,0.23125,0.81993,0.83422,0.83496,0.85411,0.77051,0.92719
138,0.46312,0.45316,0.42819,0.40127,0.52144,0.23128,0.81993,0.83422,0.83496,0.83687,0.77051,0.92719
139,0.46329,0.45333,0.42814,0.4014,0.52168,0.2313,0.81993,0.83422,0.83431,0.83687,0.77051,0.92719
140,0.48685,0.45395,0.42829,0.40153,0.53922,0.23132,0.81312,0.83356,0.83431,0.83687,0.76117,0.92719
141,0.48703,0.45412,0.42843,0.40165,0.53948,0.23151,0.81312,0.83356,0.83431,0.83687,0.76117,0.92706
142,0.48721,0.45428,0.44934,0.40217,0.53974,0.23152,0.81312,0.83356,0.82131,0.83687,0.76117,0.92706
143,0.48739,0.45445,0.4495,0.40242,0.53999,0.23156,0.81312,0.83356,0.82131,0.83687,0.76117,0.92706
144,0.48775,0.45478,0.44931,0.40255,0.54025,0.23157,0.81312,0.83356,0.82066,0.83687,0.76117,0.92706
145,0.48793,0.477,0.44963,0.40268,0.56241,0.23158,0.81312,0.82157,0.82066,0.83687,0.7545,0.92706
146,0.48774,0.4768,0.44979,0.42784,0.56269,0.23164,0.8125,0.82091,0.82066,0.82759,0.7545,0.92693
147,0.48792,0.47717,0.45011,0.42798,0.56297,0.23166,0.8125,0.82091,0.82066,0.82759,0.7545,0.92693
148,0.4881,0.47735,0.46903,0.42842,0.57859,0.23166,0.8125,0.82091,0.80702,0.82759,0.7465,0.92693
149,0.51158,0.47791,0.46921,0.42857,0.57889,0.23168,0.80631,0.82091,0.80702,0.82759,0.7465,0.92693
150,0.51178,0.47809,0.46901,0.4496,0.57919,0.23169,0.80631,0.82091,0.80637,0.81631,0.7465,0.92693
151,0.51159,0.5033,0.46936,0.44976,0.5971,0.2317,0.80569,0.81292,0.80637,0.81631,0.74049,0.92693
152,0.5124,0.50351,0.46972,0.44993,0.59742,0.23173,0.80569,0.81292,0.80637,0.81631,0.74049,0.92693
153,0.5126,0.50371,0.4699,0.45009,0.59774,0.23174,0.80569,0.81292,0.80637,0.81631,0.74049,0.92693
154,0.5357,0.50413,0.47008,0.45026,0.61176,0.23175,0.79394,0.81292,0.80637,0.81631,0.73582,0.92693
155,0.53592,0.50434,0.47025,0.45042,0.61244,0.23176,0.79394,0.81292,0.80637,0.81631,0.73582,0.92693
156,0.53615,0.5245,0.47043,0.45075,0.63025,0.23176,0.79394,0.79827,0.80637,0.81631,0.73115,0.92693
157,0.5366,0.52473,0.49476,0.47075,0.63061,0.23179,0.79394,0.79827,0.79792,0.8057,0.73115,0.92693
158,0.53682,0.52496,0.49496,0.47054,0.63097,0.26067,0.79394,0.79827,0.79792,0.80504,0.73115,0.91401
159,0.5597,0.52565,0.49556,0.47034,0.65267,0.26068,0.78032,0.79827,0.79792,0.80438,0.72582,0.91401
160,0.56,0.54529,0.49576,0.47052,0.65306,0.2607,0.7797,0.78961,0.79792,0.80438,0.72582,0.91401
161,0.56025,0.54554,0.49616,0.4707,0.65345,0.26071,0.7797,0.78961,0.79792,0.80438,0.72582,0.91401
162,0.56005,0.56818,0.49636,0.47089,0.65385,0.26072,0.77908,0.78229,0.79792,0.80438,0.72582,0.91401
163,0.5603,0.56846,0.49656,0.4908,0.65463,0.26074,0.77908,0.78229,0.79792,0.79576,0.72582,0.91401
164,0.56055,0.56873,0.49676,0.491,0.66977,0.26077,0.77908,0.78229,0.79792,0.79576,0.71981,0.91401
165,0.58704,0.56901,0.49656,0.4912,0.67019,0.26074,0.76795,0.78229,0.79727,0.79576,0.71981,0.91375
166,0.58684,0.5688,0.51425,0.49118,0.66998,0.26074,0.76733,0.78162,0.78558,0.79443,0.71915,0.91349
167,0.58712,0.56907,0.51447,0.49139,0.6704,0.26075,0.76733,0.78162,0.78558,0.79443,0.71915,0.91349
168,0.58693,0.56935,0.51469,0.51447,0.68414,0.26076,0.76671,0.78162,0.78558,0.78979,0.70514,0.91349
169,0.58748,0.59012,0.51513,0.51492,0.68459,0.2608,0.76671,0.77164,0.78558,0.78979,0.70514,0.91349
170,0.60496,0.59072,0.51514,0.51539,0.68438,0.26083,0.75433,0.77164,0.78493,0.78846,0.70447,0.91349
171,0.60526,0.59102,0.51536,0.51518,0.70147,0.26088,0.75433,0.77164,0.78493,0.7878,0.69913,0.91349
172,0.60507,0.59133,0.51558,0.51585,0.70241,0.26089,0.75371,0.77164,0.78493,0.7878,0.69913,0.91349
173,0.60537,0.59193,0.5158,0.51607,0.70288,0.2612,0.75371,0.77164,0.78493,0.7878,0.69913,0.9131
174,0.61866,0.59223,0.51602,0.5163,0.71331,0.26129,0.74691,0.77164,0.78493,0.7878,0.6938,0.9131
175,0.61897,0.61349,0.53309,0.51652,0.7138,0.26136,0.74691,0.76298,0.77453,0.7878,0.6938,0.9131
176,0.61929,0.61415,0.53333,0.53203,0.71478,0.26143,0.74691,0.76298,0.77453,0.77653,0.6938,0.9131
177,0.61961,0.61481,0.53315,0.53276,0.72078,0.26144,0.74691,0.76298,0.77323,0.77653,0.68712,0.9131
178,0.61941,0.61514,0.53339,0.533,0.72129,0.26145,0.74629,0.76298,0.77323,0.77653,0.68712,0.9131
179,0.6383,0.63033,0.53297,0.53324,0.72179,0.26154,0.74257,0.75832,0.77193,0.77653,0.68712,0.9131
180,0.63864,0.63068,0.53321,0.53349,0.73597,0.26157,0.74257,0.75832,0.77193,0.77653,0.68245,0.9131
181,0.63898,0.63102,0.53345,0.55371,0.7489,0.26158,0.74257,0.75832,0.77193,0.77255,0.67845,0.9131
182,0.63879,0.64963,0.54935,0.55423,0.74853,0.26159,0.74196,0.753,0.76673,0.77255,0.67712,0.9131
183,0.63913,0.64943,0.5496,0.5545,0.74908,0.2616,0.74196,0.75233,0.76673,0.77255,0.67712,0.9131
184,0.63981,0.6498,0.55037,0.55476,0.76328,0.26161,0.74196,0.75233,0.76673,0.77255,0.67111,0.9131
185,0.65686,0.6496,0.55063,0.57014,0.76386,0.26162,0.73205,0.75166,0.76673,0.75729,0.67111,0.9131
186,0.66933,0.64997,0.55089,0.57043,0.76444,0.28911,0.72649,0.75166,0.76673,0.75729,0.67111,0.89862
187,0.66971,0.65035,0.57003,0.57071,0.76502,0.28913,0.72649,0.75166,0.75893,0.75729,0.67111,0.89862
188,0.66952,0.65072,0.56982,0.57079,0.7656,0.28914,0.72587,0.75166,0.75828,0.75663,0.67111,0.89862
189,0.6699,0.67025,0.57038,0.57057,0.78064,0.28915,0.72587,0.747,0.75828,0.75597,0.66711,0.89862
190,0.68939,0.67065,0.57017,0.57086,0.78125,0.28916,0.71968,0.747,0.75763,0.75597,0.66711,0.89862
191,0.69021,0.67105,0.57045,0.58753,0.78186,0.28918,0.71968,0.747,0.75763,0.75,0.66711,0.89862
192,0.70762,0.68901,0.57073,0.58784,0.78668,0.28924,0.71287,0.73901,0.75763,0.75,0.66177,0.89862
193,0.72377,0.68944,0.57101,0.58845,0.78634,0.28925,0.70854,0.73901,0.75763,0.75,0.66044,0.89862
194,0.72423,0.68905,0.57157,0.60521,0.78696,0.28928,0.70854,0.73768,0.75763,0.74005,0.66044,0.89862
195,0.72468,0.68886,0.59284,0.60553,0.78759,0.2893,0.70854,0.73702,0.75309,0.74005,0.66044,0.89862
196,0.73592,0.70115,0.59314,0.60586,0.79627,0.28932,0.70359,0.73103,0.75309,0.74005,0.65444,0.89862
197,0.751,0.70205,0.59375,0.60619,0.79691,0.28938,0.69802,0.73103,0.75309,0.74005,0.65444,0.89849
198,0.75083,0.71608,0.59436,0.60652,0.80712,0.28941,0.6974,0.72037,0.75309,0.74005,0.65043,0.89849
199,0.76269,0.71656,0.59466,0.62789,0.80846,0.28943,0.68812,0.72037,0.75309,0.7374,0.65043,0.89849
200,0.76236,0.71703,0.59527,0.62768,0.81695,0.28945,0.68688,0.72037,0.75309,0.73674,0.6431,0.89849
201,0.76289,0.71798,0.61105,0.62747,0.82312,0.28967,0.68688,0.72037,0.74724,0.73607,0.63642,0.89849
202,0.77266,0.71846,0.6117,0.62762,0.82383,0.28969,0.67512,0.72037,0.74724,0.73541,0.63642,0.89849
203,0.77376,0.73247,0.6115,0.62797,0.82996,0.28972,0.67512,0.71638,0.74659,0.73541,0.62842,0.89849
204,0.78365,0.73297,0.61182,0.62833,0.82981,0.28973,0.67017,0.71638,0.74659,0.73541,0.62775,0.89849
205,0.79762,0.73347,0.61247,0.62868,0.82966,0.28989,0.66337,0.71638,0.74659,0.73541,0.62708,0.89849
206,0.80655,0.7427,0.63773,0.64471,0.82951,0.2899,0.65532,0.71105,0.74464,0.72679,0.62642,0.89849
207,0.80716,0.74322,0.63808,0.64509,0.82935,0.28992,0.65532,0.71105,0.74464,0.72679,0.62575,0.89849
208,0.81804,0.75412,0.63915,0.64547,0.83542,0.29,0.65099,0.7004,0.74464,0.72679,0.62308,0.89836
209,0.81776,0.75466,0.63951,0.64585,0.84461,0.29003,0.64975,0.7004,0.74464,0.72679,0.61641,0.89836
210,0.81839,0.76713,0.64022,0.64564,0.85568,0.29007,0.64975,0.69308,0.74464,0.72613,0.61308,0.89836
211,0.82723,0.7677,0.65396,0.64602,0.85648,0.29009,0.64295,0.69308,0.73554,0.72613,0.61308,0.89836
212,0.82789,0.78165,0.65471,0.66463,0.85808,0.2901,0.64295,0.68642,0.73554,0.72149,0.61308,0.89836
213,0.82775,0.78927,0.65547,0.66544,0.85888,0.29011,0.64233,0.67577,0.73554,0.72149,0.61308,0.89836
214,0.83577,0.78911,0.65527,0.66585,0.86762,0.29013,0.63614,0.6751,0.73489,0.72149,0.60774,0.89836
215,0.8459,0.78894,0.67206,0.68424,0.86845,0.29014,0.63181,0.67443,0.7284,0.71419,0.60774,0.89836
216,0.85654,0.79888,0.67247,0.68404,0.87091,0.31737,0.62809,0.66644,0.7284,0.71353,0.60307,0.8827
217,0.86454,0.79952,0.67287,0.69751,0.87078,0.31738,0.62005,0.66644,0.7284,0.70491,0.6024,0.8827
218,0.87063,0.79936,0.67327,0.69796,0.87683,0.3174,0.61634,0.66578,0.7284,0.70491,0.5984,0.8827
219,0.87801,0.81127,0.67308,0.69842,0.87769,0.31741,0.61015,0.66112,0.72775,0.70491,0.5984,0.8827
220,0.87957,0.82481,0.67329,0.69803,0.88446,0.31743,0.61015,0.65513,0.7271,0.70358,0.59239,0.8827
221,0.88517,0.82466,0.686,0.71681,0.88922,0.31758,0.60582,0.65446,0.72255,0.69828,0.58906,0.8827
222,0.88564,0.82962,0.68684,0.74048,0.88911,0.31761,0.59901,0.64514,0.72255,0.69629,0.58839,0.8827
223,0.88664,0.83725,0.68812,0.741,0.89366,0.3178,0.5953,0.64048,0.72255,0.69629,0.58306,0.88257
224,0.88653,0.83711,0.68773,0.7509,0.89458,0.31781,0.59468,0.63981,0.72125,0.69164,0.58306,0.88257
225,0.8936,0.84452,0.70307,0.75198,0.90417,0.31783,0.58725,0.63648,0.7154,0.69164,0.57905,0.88257
226,0.89724,0.85089,0.70351,0.75253,0.90407,0.31784,0.58354,0.63449,0.7154,0.69164,0.57839,0.88257
227,0.89923,0.85076,0.70396,0.75991,0.90632,0.31806,0.57983,0.63382,0.7154,0.68634,0.57438,0.88231
228,0.90341,0.85063,0.70423,0.75956,0.90612,0.31808,0.57302,0.63316,0.71475,0.68501,0.57305,0.88231
229,0.91107,0.85819,0.71966,0.75938,0.91346,0.31809,0.57054,0.6245,0.7089,0.68435,0.57038,0.88231
230,0.91098,0.85897,0.72013,0.77074,0.91328,0.31815,0.56993,0.6245,0.7089,0.67772,0.56905,0.88231
231,0.91089,0.85885,0.72061,0.77057,0.91426,0.31824,0.56931,0.62383,0.7089,0.67706,0.56905,0.88231
232,0.91767,0.85963,0.72838,0.782,0.91416,0.31839,0.56559,0.62383,0.70045,0.66844,0.56838,0.88218
233,0.92276,0.86512,0.72887,0.78261,0.91407,0.31848,0.56188,0.61917,0.70045,0.66844,0.56771,0.88218
234,0.9237,0.87595,0.74566,0.78322,0.91766,0.31849,0.56188,0.61585,0.69721,0.66844,0.56504,0.88218
235,0.926,0.87847,0.74618,0.79286,0.91757,0.31854,0.55755,0.61119,0.69721,0.66247,0.56438,0.88218
236,0.93118,0.88599,0.74669,0.79349,0.91921,0.31861,0.5526,0.61052,0.69721,0.66247,0.56171,0.88218
237,0.93783,0.8915,0.74721,0.79475,0.92556,0.31863,0.55074,0.60719,0.69721,0.66247,0.5557,0.88218
238,0.94124,0.89792,0.74704,0.79459,0.93523,0.31869,0.54517,0.6032,0.69656,0.6618,0.54903,0.88218
239,0.94384,0.89772,0.75906,0.80635,0.93448,0.3187,0.54084,0.60186,0.69396,0.65716,0.54236,0.88218
240,0.94645,0.89861,0.7596,0.807,0.93866,0.31872,0.53589,0.60186,0.69396,0.65716,0.54103,0.88218
241,0.94889,0.8995,0.76585,0.80766,0.94249,0.31869,0.52847,0.60186,0.69071,0.65716,0.53569,0.88205
242,0.94883,0.9004,0.76568,0.81917,0.94844,0.34569,0.52785,0.60186,0.69006,0.65186,0.52769,0.86887
243,0.95034,0.9003,0.76623,0.81985,0.95062,0.34571,0.52104,0.6012,0.69006,0.65186,0.51368,0.86887
244,0.95397,0.8997,0.76679,0.81955,0.95238,0.34572,0.513,0.5972,0.69006,0.65053,0.507,0.86887
245,0.95322,0.8996,0.77868,0.83247,0.95426,0.34574,0.50433,0.59654,0.68356,0.64257,0.501,0.86887
246,0.95374,0.90574,0.77852,0.84345,0.95753,0.34576,0.49752,0.58855,0.68291,0.63594,0.49633,0.86887
247,0.95368,0.90564,0.77835,0.84331,0.95641,0.34581,0.49691,0.58788,0.68226,0.63528,0.48299,0.86887
248,0.95818,0.90657,0.79195,0.84405,0.95777,0.34585,0.48205,0.58788,0.67771,0.63528,0.46898,0.86887
249,0.9601,0.91432,0.79163,0.85522,0.95771,0.34587,0.47649,0.58256,0.67641,0.63064,0.46831,0.86887
250,0.96169,0.91423,0.79224,0.85509,0.96218,0.34589,0.46597,0.58189,0.67641,0.62997,0.45831,0.86887
251,0.96164,0.92063,0.80595,0.85495,0.96496,0.346,0.46535,0.57923,0.66927,0.62931,0.44096,0.86874
252,0.96053,0.92234,0.80658,0.86264,0.96491,0.34601,0.45173,0.57723,0.66927,0.62467,0.44029,0.86874
253,0.96301,0.92489,0.81775,0.86251,0.96325,0.34603,0.43502,0.5739,0.66472,0.62401,0.41961,0.86874
254,0.96296,0.92935,0.8242,0.87218,0.96624,0.34605,0.43441,0.56924,0.65497,0.61538,0.40093,0.86874
255,0.96424,0.93319,0.83097,0.87206,0.96618,0.34632,0.43379,0.56724,0.64847,0.61472,0.40027,0.86874
256,0.96691,0.93311,0.83846,0.87288,0.97124,0.34629,0.41584,0.56658,0.63743,0.61472,0.38292,0.86861
257,0.9696,0.9337,0.84917,0.87977,0.97666,0.3463,0.3948,0.56258,0.63288,0.61141,0.36291,0.86861
258,0.97104,0.93473,0.84991,0.88061,0.97662,0.34632,0.39418,0.56258,0.63288,0.61141,0.36224,0.86861
259,0.97099,0.93415,0.84978,0.8805,0.9751,0.34634,0.39356,0.55726,0.63223,0.61074,0.33956,0.86861
260,0.97097,0.9397,0.86032,0.88027,0.975,0.34636,0.37252,0.54993,0.62833,0.60942,0.33823,0.86861
261,0.97092,0.93922,0.86745,0.88835,0.97586,0.34639,0.37191,0.54527,0.62508,0.60676,0.32355,0.86861
262,0.97249,0.94269,0.87158,0.88921,0.97447,0.34643,0.37191,0.53662,0.62183,0.60676,0.30554,0.86861
263,0.97427,0.94373,0.87685,0.89645,0.97441,0.34656,0.35149,0.53595,0.61533,0.60279,0.30487,0.86861
264,0.97632,0.94982,0.88335,0.9006,0.97436,0.34663,0.33168,0.52929,0.61014,0.6008,0.3042,0.86861
265,0.97628,0.9509,0.89378,0.90149,0.97523,0.34665,0.33106,0.52863,0.60689,0.6008,0.28886,0.86861
266,0.98252,0.95128,0.89464,0.90789,0.97511,0.34672,0.31312,0.51997,0.60689,0.59483,0.28753,0.86861
267,0.98249,0.95545,0.9001,0.90937,0.97349,0.34674,0.3125,0.51398,0.60299,0.59218,0.26951,0.86861
268,0.98246,0.95539,0.8999,0.9103,0.97389,0.34679,0.31188,0.51332,0.60169,0.59218,0.24883,0.86861
269,0.98156,0.95823,0.90481,0.9102,0.97183,0.34681,0.29641,0.50399,0.59909,0.59151,0.23015,0.86848
270,0.98475,0.96053,0.9057,0.91113,0.97175,0.34685,0.2797,0.48602,0.59909,0.59151,0.22949,0.86848
271,0.98472,0.96472,0.90659,0.91658,0.96942,0.34688,0.27908,0.47337,0.59909,0.59019,0.21147,0.86848
272,0.98468,0.96467,0.91517,0.91753,0.97342,0.3469,0.27847,0.4727,0.59584,0.59019,0.19546,0.86848
273,0.98561,0.96848,0.91608,0.91875,0.97333,0.37314,0.25433,0.45007,0.59584,0.58488,0.1948,0.85569
274,0.98558,0.97587,0.916,0.92918,0.9708,0.37316,0.25371,0.43076,0.59519,0.58289,0.17745,0.85569
275,0.98458,0.97583,0.91592,0.9291,0.97581,0.37319,0.237,0.43009,0.59454,0.58223,0.16144,0.85569
276,0.98641,0.97579,0.92073,0.93455,0.97571,0.37321,0.22463,0.42943,0.58869,0.57759,0.16077,0.85569
277,0.9891,0.97576,0.92434,0.93622,0.98182,0.37325,0.22463,0.42876,0.58739,0.57427,0.1441,0.85569
278,0.98817,0.97623,0.9265,0.93723,0.985,0.37327,0.20668,0.41012,0.58155,0.57427,0.13142,0.85569
279,0.99042,0.97667,0.92857,0.94098,0.98343,0.3734,0.19183,0.39015,0.5744,0.57095,0.11875,0.85569
280,0.99038,0.97663,0.9285,0.94684,0.98171,0.37336,0.19121,0.38948,0.57375,0.56698,0.1074,0.85556
281,0.99303,0.98036,0.93001,0.95078,0.98582,0.37341,0.17636,0.36551,0.56985,0.56366,0.09273,0.85556
282,0.99225,0.9812,0.93469,0.95125,0.9918,0.37343,0.15842,0.34754,0.56725,0.55637,0.08072,0.85556
283,0.99145,0.98117,0.93791,0.95233,0.99048,0.37345,0.14356,0.34687,0.55945,0.55637,0.06938,0.85556
284,0.99078,0.98422,0.93798,0.95632,0.98864,0.37347,0.13304,0.33222,0.55036,0.55172,0.05804,0.85556
285,0.9902,0.98511,0.93834,0.95824,1.0,0.37382,0.125,0.30826,0.54386,0.54775,0.05804,0.85543
286,0.98907,0.98507,0.94185,0.95785,1.0,0.37384,0.112,0.30759,0.53671,0.54244,0.05003,0.85543
287,0.98758,0.98409,0.94233,0.96301,1.0,0.37392,0.09839,0.28828,0.53086,0.53515,0.04136,0.85543
288,0.99259,0.98293,0.94899,0.96463,1.0,0.37409,0.08292,0.26831,0.51982,0.52454,0.03536,0.85543
289,0.99194,0.98289,0.9494,0.96415,1.0,0.37416,0.07611,0.26764,0.51202,0.51724,0.03002,0.85543
290,0.99187,0.98688,0.95068,0.96717,1.0,0.37412,0.0755,0.25033,0.50097,0.50796,0.02935,0.8553
291,0.99065,0.98596,0.95062,0.96749,1.0,0.37414,0.06559,0.23369,0.50032,0.49337,0.02268,0.8553
292,0.98925,0.98873,0.95431,0.96745,1.0,0.39999,0.05693,0.23369,0.48863,0.49271,0.01868,0.84382
293,0.98649,0.9887,0.95932,0.96765,1.0,0.40001,0.04517,0.23302,0.47498,0.47613,0.01468,0.84382
294,0.98387,0.98769,0.96336,0.97328,1.0,0.40004,0.03775,0.21372,0.46134,0.45889,0.01401,0.84382
295,0.98182,0.9863,0.96467,0.97956,1.0,0.40009,0.03342,0.19174,0.46134,0.44496,0.01067,0.84382
296,0.98,0.98502,0.96599,0.98168,1.0,0.40011,0.03032,0.1751,0.46134,0.42639,0.00667,0.84382
297,0.97727,0.98765,0.96978,0.98165,1.0,0.40014,0.02661,0.15979,0.43795,0.42573,0.0,0.84382
298,1.0,0.98643,0.97164,0.98223,,0.40016,0.02042,0.14514,0.423,0.40318,,0.84382
299,1.0,0.98558,0.97077,0.98282,,0.40031,0.013,0.13648,0.41001,0.37931,,0.84382
300,1.0,0.98936,0.97072,0.98741,,0.40027,0.01176,0.12383,0.40936,0.36406,,0.84368
301,1.0,0.99405,0.96895,0.98736,,0.40028,0.0099,0.11119,0.38532,0.36273,,0.84355
302,1.0,0.99338,0.9689,0.98677,,0.40031,0.0,0.09987,0.38467,0.34615,,0.84355
303,,0.9927,0.96885,0.99002,,0.40027,,0.09055,0.38402,0.32891,,0.84342
304,,0.99174,0.96923,0.99161,,0.4003,,0.07989,0.36842,0.31366,,0.84342
305,,1.0,0.96918,0.99115,,0.40026,,0.06924,0.36777,0.29708,,0.84329
306,,1.0,0.96913,0.99113,,0.40058,,0.06125,0.36712,0.29642,,0.84329
307,,1.0,0.96757,0.99111,,0.40061,,0.05326,0.34893,0.29576,,0.84329
308,,1.0,0.97323,0.99072,,0.40068,,0.03995,0.33073,0.28316,,0.84329
309,,1.0,0.97318,0.99012,,0.40076,,0.03928,0.33008,0.26592,,0.84329
310,,1.0,0.97505,0.9901,,0.40078,,0.03196,0.33008,0.26525,,0.84329
311,,1.0,0.97358,0.99213,,0.40091,,0.02796,0.31124,0.25066,,0.84329
312,,1.0,0.97556,0.99449,,0.40098,,0.02397,0.31124,0.23939,,0.84329
313,,1.0,0.9806,0.99448,,0.40101,,0.0233,0.29565,0.23873,,0.84329
314,,1.0,0.98052,0.99446,,0.40103,,0.01997,0.29435,0.23806,,0.84329
315,,1.0,0.97945,0.99379,,0.40105,,0.01531,0.27875,0.2122,,0.84329
316,,1.0,0.98034,0.99331,,0.42523,,0.01198,0.25926,0.19695,,0.83116
317,,1.0,0.97855,0.99275,,0.42526,,0.00932,0.23717,0.1817,,0.83116
318,,1.0,0.98494,0.99273,,0.42529,,0.00732,0.21248,0.18103,,0.83116
319,,1.0,0.9835,0.99194,,0.42543,,0.0,0.19363,0.16313,,0.83116
320,,,0.98221,0.9919,,0.42539,,,0.17934,0.16247,,0.83103
321,,,0.98062,0.99187,,0.42542,,,0.16439,0.1618,,0.83103
322,,,0.9834,0.99107,,0.42561,,,0.154,0.14721,,0.8309
323,,,0.98333,0.99048,,0.42564,,,0.15335,0.13793,,0.8309
324,,,0.9819,0.98942,,0.42567,,,0.141,0.12401,,0.8309
325,,,0.9801,0.98802,,0.4257,,,0.12801,0.10942,,0.8309
326,,,0.97765,0.9863,,0.42575,,,0.11371,0.09549,,0.8309
327,,,0.97468,0.98438,,0.42583,,,0.10006,0.08355,,0.83077
328,,,0.9708,0.98246,,0.42586,,,0.08642,0.07427,,0.83077
329,,,0.96639,0.98,,0.42591,,,0.07472,0.06499,,0.83077
330,,,0.9619,1.0,,0.42594,,,0.06563,0.05836,,0.83077
331,,,0.97802,1.0,,0.42597,,,0.05783,0.04973,,0.83077
332,,,0.97368,1.0,,0.426,,,0.04808,0.04443,,0.83077
333,,,0.98438,1.0,,0.44832,,,0.04094,0.03647,,0.81942
334,,,0.98305,1.0,,0.44835,,,0.03769,0.03249,,0.81942
335,,,0.97917,1.0,,0.44838,,,0.03054,0.0252,,0.81942
336,,,0.97778,1.0,,0.44857,,,0.02859,0.01989,,0.81942
337,,,1.0,1.0,,0.4486,,,0.02274,0.01459,,0.81942
338,,,1.0,1.0,,0.44863,,,0.01754,0.01194,,0.81928
339,,,1.0,1.0,,0.44876,,,0.01559,0.01127,,0.81928
340,,,1.0,1.0,,0.44901,,,0.01429,0.0,,0.81915
341,,,1.0,,,0.4491,,,0.01365,,,0.81915
342,,,1.0,,,0.44917,,,0.0,,,0.81915
343,,,,,,0.44923,,,,,,0.81915
344,,,,,,0.44926,,,,,,0.81915
345,,,,,,0.44939,,,,,,0.81915
346,,,,,,0.44946,,,,,,0.81915
347,,,,,,0.44952,,,,,,0.81915
348,,,,,,0.47089,,,,,,0.80937
349,,,,,,0.47092,,,,,,0.80937
350,,,,,,0.47088,,,,,,0.80924
351,,,,,,0.47092,,,,,,0.80924
352,,,,,,0.47095,,,,,,0.80924
353,,,,,,0.47099,,,,,,0.80924
354,,,,,,0.47106,,,,,,0.80924
355,,,,,,0.4712,,,,,,0.80924
356,,,,,,0.47124,,,,,,0.80924
357,,,,,,0.4712,,,,,,0.80911
358,,,,,,0.47141,,,,,,0.80898
359,,,,,,0.47133,,,,,,0.80872
360,,,,,,0.47144,,,,,,0.80872
361,,,,,,0.47147,,,,,,0.80872
362,,,,,,0.47155,,,,,,0.80872
363,,,,,,0.47158,,,,,,0.80872
364,,,,,,0.47162,,,,,,0.80872
365,,,,,,0.47165,,,,,,0.80872
366,,,,,,0.47173,,,,,,0.80872
367,,,,,,0.4718,,,,,,0.80872
368,,,,,,0.47183,,,,,,0.80872
369,,,,,,0.49524,,,,,,0.8001
370,,,,,,0.49528,,,,,,0.8001
371,,,,,,0.49532,,,,,,0.8001
372,,,,,,0.49536,,,,,,0.8001
373,,,,,,0.4954,,,,,,0.8001
374,,,,,,0.49548,,,,,,0.8001
375,,,,,,0.49552,,,,,,0.8001
376,,,,,,0.49559,,,,,,0.79997
377,,,,,,0.49563,,,,,,0.79997
378,,,,,,0.49599,,,,,,0.79971
379,,,,,,0.49603,,,,,,0.79971
380,,,,,,0.49611,,,,,,0.79971
381,,,,,,0.49615,,,,,,0.79971
382,,,,,,0.49619,,,,,,0.79971
383,,,,,,0.49624,,,,,,0.79971
384,,,,,,0.49619,,,,,,0.79945
385,,,,,,0.5174,,,,,,0.78941
386,,,,,,0.51758,,,,,,0.78941
387,,,,,,0.51762,,,,,,0.78941
388,,,,,,0.51767,,,,,,0.78941
389,,,,,,0.51776,,,,,,0.78941
390,,,,,,0.5178,,,,,,0.78941
391,,,,,,0.51785,,,,,,0.78941
392,,,,,,0.51812,,,,,,0.78901
393,,,,,,0.51808,,,,,,0.78888
394,,,,,,0.51812,,,,,,0.78888
395,,,,,,0.51835,,,,,,0.78888
396,,,,,,0.51844,,,,,,0.78888
397,,,,,,0.51852,,,,,,0.78888
398,,,,,,0.51857,,,,,,0.78888
399,,,,,,0.51866,,,,,,0.78888
400,,,,,,0.5187,,,,,,0.78888
401,,,,,,0.53816,,,,,,0.77831
402,,,,,,0.53821,,,,,,0.77831
403,,,,,,0.53818,,,,,,0.77805
404,,,,,,0.53823,,,,,,0.77805
405,,,,,,0.53828,,,,,,0.77792
406,,,,,,0.53833,,,,,,0.77792
407,,,,,,0.53854,,,,,,0.77766
408,,,,,,0.53854,,,,,,0.77753
409,,,,,,0.53869,,,,,,0.77753
410,,,,,,0.53874,,,,,,0.77753
411,,,,,,0.53879,,,,,,0.77753
412,,,,,,0.53884,,,,,,0.77753
413,,,,,,0.53889,,,,,,0.77753
414,,,,,,0.53893,,,,,,0.77753
415,,,,,,0.53898,,,,,,0.77753
416,,,,,,0.55943,,,,,,0.77009
417,,,,,,0.55939,,,,,,0.76996
418,,,,,,0.55944,,,,,,0.76996
419,,,,,,0.55955,,,,,,0.76996
420,,,,,,0.5596,,,,,,0.76996
421,,,,,,0.55976,,,,,,0.76996
422,,,,,,0.56,,,,,,0.7697
423,,,,,,0.56005,,,,,,0.7697
424,,,,,,0.56016,,,,,,0.7697
425,,,,,,0.56021,,,,,,0.7697
426,,,,,,0.56026,,,,,,0.7697
427,,,,,,0.56042,,,,,,0.7697
428,,,,,,0.56048,,,,,,0.7697
429,,,,,,0.57947,,,,,,0.75926
430,,,,,,0.57958,,,,,,0.75926
431,,,,,,0.57954,,,,,,0.75913
432,,,,,,0.57971,,,,,,0.75913
433,,,,,,0.57983,,,,,,0.75913
434,,,,,,0.57994,,,,,,0.75913
435,,,,,,0.5799,,,,,,0.759
436,,,,,,0.58002,,,,,,0.759
437,,,,,,0.58021,,,,,,0.75887
438,,,,,,0.58027,,,,,,0.75887
439,,,,,,0.58034,,,,,,0.75874
440,,,,,,0.5803,,,,,,0.75861
441,,,,,,0.58036,,,,,,0.75861
442,,,,,,0.58047,,,,,,0.75861
443,,,,,,0.58053,,,,,,0.75861
444,,,,,,0.59815,,,,,,0.75183
445,,,,,,0.59828,,,,,,0.75183
446,,,,,,0.59834,,,,,,0.75183
447,,,,,,0.59846,,,,,,0.75183
448,,,,,,0.59859,,,,,,0.75183
449,,,,,,0.59865,,,,,,0.75183
450,,,,,,0.59909,,,,,,0.75183
451,,,,,,0.59921,,,,,,0.75183
452,,,,,,0.59933,,,,,,0.75183
453,,,,,,0.59935,,,,,,0.7517
454,,,,,,0.59942,,,,,,0.7517
455,,,,,,0.61637,,,,,,0.74569
456,,,,,,0.61644,,,,,,0.74569
457,,,,,,0.6165,,,,,,0.74569
458,,,,,,0.61657,,,,,,0.74569
459,,,,,,0.61664,,,,,,0.74569
460,,,,,,0.61704,,,,,,0.74569
461,,,,,,0.61695,,,,,,0.74543
462,,,,,,0.61702,,,,,,0.74543
463,,,,,,0.61709,,,,,,0.74543
464,,,,,,0.61722,,,,,,0.74543
465,,,,,,0.61729,,,,,,0.74543
466,,,,,,0.61742,,,,,,0.74543
467,,,,,,0.61749,,,,,,0.74543
468,,,,,,0.63671,,,,,,0.74047
469,,,,,,0.63667,,,,,,0.74034
470,,,,,,0.63674,,,,,,0.74034
471,,,,,,0.63677,,,,,,0.74021
472,,,,,,0.63673,,,,,,0.74008
473,,,,,,0.63669,,,,,,0.73995
474,,,,,,0.63694,,,,,,0.73982
475,,,,,,0.63708,,,,,,0.73982
476,,,,,,0.63729,,,,,,0.73982
477,,,,,,0.63744,,,,,,0.73982
478,,,,,,0.63751,,,,,,0.73982
479,,,,,,0.63772,,,,,,0.73982
480,,,,,,0.65364,,,,,,0.7333
481,,,,,,0.65372,,,,,,0.7333
482,,,,,,0.65379,,,,,,0.7333
483,,,,,,0.65387,,,,,,0.7333
484,,,,,,0.65394,,,,,,0.7333
485,,,,,,0.6541,,,,,,0.7333
486,,,,,,0.65417,,,,,,0.7333
487,,,,,,0.65433,,,,,,0.7333
488,,,,,,0.6544,,,,,,0.7333
489,,,,,,0.65455,,,,,,0.7333
490,,,,,,0.65451,,,,,,0.73317
491,,,,,,0.65455,,,,,,0.73304
492,,,,,,0.65451,,,,,,0.73291
493,,,,,,0.65459,,,,,,0.73291
494,,,,,,0.67352,,,,,,0.72677
495,,,,,,0.6736,,,,,,0.72677
496,,,,,,0.67352,,,,,,0.72651
497,,,,,,0.67368,,,,,,0.72651
498,,,,,,0.67377,,,,,,0.72651
499,,,,,,0.67373,,,,,,0.72638
500,,,,,,0.67389,,,,,,0.72638
501,,,,,,0.6743,,,,,,0.72638
502,,,,,,0.67438,,,,,,0.72638
503,,,,,,0.67434,,,,,,0.72625
504,,,,,,0.67438,,,,,,0.72612
505,,,,,,0.67455,,,,,,0.72612
506,,,,,,0.68975,,,,,,0.71999
507,,,,,,0.68984,,,,,,0.71999
508,,,,,,0.68997,,,,,,0.71986
509,,,,,,0.69014,,,,,,0.71986
510,,,,,,0.69049,,,,,,0.71986
511,,,,,,0.69045,,,,,,0.71973
512,,,,,,0.69037,,,,,,0.71947
513,,,,,,0.70497,,,,,,0.71086
514,,,,,,0.70506,,,,,,0.71086
515,,,,,,0.70515,,,,,,0.71086
516,,,,,,0.70524,,,,,,0.71086
517,,,,,,0.70533,,,,,,0.71086
518,,,,,,0.70575,,,,,,0.71073
519,,,,,,0.70584,,,,,,0.71073
520,,,,,,0.70577,,,,,,0.71046
521,,,,,,0.70573,,,,,,0.71033
522,,,,,,0.70591,,,,,,0.71033
523,,,,,,0.706,,,,,,0.71033
524,,,,,,0.72134,,,,,,0.70525
525,,,,,,0.72144,,,,,,0.70525
526,,,,,,0.72153,,,,,,0.70525
527,,,,,,0.72182,,,,,,0.70525
528,,,,,,0.72192,,,,,,0.70525
529,,,,,,0.72201,,,,,,0.70525
530,,,,,,0.7352,,,,,,0.6999
531,,,,,,0.73516,,,,,,0.69977
532,,,,,,0.73536,,,,,,0.69977
533,,,,,,0.73546,,,,,,0.69977
534,,,,,,0.73567,,,,,,0.69977
535,,,,,,0.73577,,,,,,0.69977
536,,,,,,0.74684,,,,,,0.69285
537,,,,,,0.74694,,,,,,0.69285
538,,,,,,0.74705,,,,,,0.69285
539,,,,,,0.7474,,,,,,0.69259
540,,,,,,0.74782,,,,,,0.69259
541,,,,,,0.74778,,,,,,0.69246
542,,,,,,0.75895,,,,,,0.68606
543,,,,,,0.75906,,,,,,0.68606
544,,,,,,0.75899,,,,,,0.6858
545,,,,,,0.7591,,,,,,0.6858
546,,,,,,0.75928,,,,,,0.68567
547,,,,,,0.77012,,,,,,0.68058
548,,,,,,0.77008,,,,,,0.68045
549,,,,,,0.77016,,,,,,0.68032
550,,,,,,0.77009,,,,,,0.68006
551,,,,,,0.77021,,,,,,0.68006
552,,,,,,0.77032,,,,,,0.68006
553,,,,,,0.78218,,,,,,0.67236
554,,,,,,0.78215,,,,,,0.67223
555,,,,,,0.78227,,,,,,0.67223
556,,,,,,0.78235,,,,,,0.6721
557,,,,,,0.78232,,,,,,0.67197
558,,,,,,0.78244,,,,,,0.67197
559,,,,,,0.78256,,,,,,0.67197
560,,,,,,0.78267,,,,,,0.67197
561,,,,,,0.78279,,,,,,0.67197
562,,,,,,0.78276,,,,,,0.67184
563,,,,,,0.79421,,,,,,0.66571
564,,,,,,0.79433,,,,,,0.66571
565,,,,,,0.79439,,,,,,0.66545
566,,,,,,0.79452,,,,,,0.66545
567,,,,,,0.79476,,,,,,0.66545
568,,,,,,0.79489,,,,,,0.66545
569,,,,,,0.79501,,,,,,0.66545
570,,,,,,0.79498,,,,,,0.66532
571,,,,,,0.79495,,,,,,0.66519
572,,,,,,0.79507,,,,,,0.66519
573,,,,,,0.80567,,,,,,0.65997
574,,,,,,0.8058,,,,,,0.65997
575,,,,,,0.80574,,,,,,0.65971
576,,,,,,0.8058,,,,,,0.65945
577,,,,,,0.80593,,,,,,0.65945
578,,,,,,0.80606,,,,,,0.65945
579,,,,,,0.80619,,,,,,0.65945
580,,,,,,0.80632,,,,,,0.65945
581,,,,,,0.81703,,,,,,0.65371
582,,,,,,0.81716,,,,,,0.65371
583,,,,,,0.81729,,,,,,0.65371
584,,,,,,0.81734,,,,,,0.65331
585,,,,,,0.81731,,,,,,0.65318
586,,,,,,0.8258,,,,,,0.64575
587,,,,,,0.82607,,,,,,0.64575
588,,,,,,0.83487,,,,,,0.63987
589,,,,,,0.83481,,,,,,0.63961
590,,,,,,0.83495,,,,,,0.63961
591,,,,,,0.84352,,,,,,0.63374
592,,,,,,0.84349,,,,,,0.63361
593,,,,,,0.84364,,,,,,0.63361
594,,,,,,0.84361,,,,,,0.63348
595,,,,,,0.85141,,,,,,0.628
596,,,,,,0.85138,,,,,,0.62787
597,,,,,,0.85135,,,,,,0.62774
598,,,,,,0.85133,,,,,,0.62761
599,,,,,,0.8513,,,,,,0.62748
600,,,,,,0.85127,,,,,,0.62735
601,,,,,,0.85143,,,,,,0.62735
602,,,,,,0.8514,,,,,,0.62722
603,,,,,,0.85137,,,,,,0.62709
604,,,,,,0.85135,,,,,,0.62696
605,,,,,,0.85928,,,,,,0.62148
606,,,,,,0.85926,,,,,,0.62135
607,,,,,,0.85941,,,,,,0.62135
608,,,,,,0.85957,,,,,,0.62135
609,,,,,,0.85954,,,,,,0.62122
610,,,,,,0.8597,,,,,,0.62122
611,,,,,,0.86695,,,,,,0.61639
612,,,,,,0.86711,,,,,,0.61639
613,,,,,,0.8674,,,,,,0.61626
614,,,,,,0.86735,,,,,,0.616
615,,,,,,0.87528,,,,,,0.6126
616,,,,,,0.87544,,,,,,0.6126
617,,,,,,0.87577,,,,,,0.6126
618,,,,,,0.87593,,,,,,0.6126
619,,,,,,0.8761,,,,,,0.6126
620,,,,,,0.88092,,,,,,0.60712
621,,,,,,0.88108,,,,,,0.60712
622,,,,,,0.8854,,,,,,0.60386
623,,,,,,0.88538,,,,,,0.60373
624,,,,,,0.88536,,,,,,0.6036
625,,,,,,0.88553,,,,,,0.6036
626,,,,,,0.89263,,,,,,0.59877
627,,,,,,0.8928,,,,,,0.59877
628,,,,,,0.89298,,,,,,0.59877
629,,,,,,0.89777,,,,,,0.59473
630,,,,,,0.89773,,,,,,0.59447
631,,,,,,0.89791,,,,,,0.59447
632,,,,,,0.89789,,,,,,0.59434
633,,,,,,0.89807,,,,,,0.59434
634,,,,,,0.8982,,,,,,0.59408
635,,,,,,0.89838,,,,,,0.59408
636,,,,,,0.89856,,,,,,0.59408
637,,,,,,0.89854,,,,,,0.59395
638,,,,,,0.90183,,,,,,0.59094
639,,,,,,0.90181,,,,,,0.59081
640,,,,,,0.90199,,,,,,0.59081
641,,,,,,0.90217,,,,,,0.59081
642,,,,,,0.90215,,,,,,0.59068
643,,,,,,0.90233,,,,,,0.59068
644,,,,,,0.90731,,,,,,0.58494
645,,,,,,0.90729,,,,,,0.58481
646,,,,,,0.90747,,,,,,0.58481
647,,,,,,0.90765,,,,,,0.58481
648,,,,,,0.90764,,,,,,0.58468
649,,,,,,0.90782,,,,,,0.58468
650,,,,,,0.9078,,,,,,0.58455
651,,,,,,0.91583,,,,,,0.58064
652,,,,,,0.91579,,,,,,0.58038
653,,,,,,0.91576,,,,,,0.58011
654,,,,,,0.91574,,,,,,0.57998
655,,,,,,0.92064,,,,,,0.57672
656,,,,,,0.92061,,,,,,0.57646
657,,,,,,0.92423,,,,,,0.57294
658,,,,,,0.92442,,,,,,0.57294
659,,,,,,0.92462,,,,,,0.57294
660,,,,,,0.92458,,,,,,0.57268
661,,,,,,0.92478,,,,,,0.57268
662,,,,,,0.92476,,,,,,0.57255
663,,,,,,0.92475,,,,,,0.57242
664,,,,,,0.92758,,,,,,0.56824
665,,,,,,0.92757,,,,,,0.56811
666,,,,,,0.92755,,,,,,0.56798
667,,,,,,0.93126,,,,,,0.56394
668,,,,,,0.93638,,,,,,0.5608
669,,,,,,0.93637,,,,,,0.56067
670,,,,,,0.93984,,,,,,0.55441
671,,,,,,0.94004,,,,,,0.55441
672,,,,,,0.94025,,,,,,0.55441
673,,,,,,0.94132,,,,,,0.54841
674,,,,,,0.94424,,,,,,0.54358
675,,,,,,0.94604,,,,,,0.53758
676,,,,,,0.94603,,,,,,0.53745
677,,,,,,0.9493,,,,,,0.53014
678,,,,,,0.94951,,,,,,0.53001
679,,,,,,0.95358,,,,,,0.51996
680,,,,,,0.95379,,,,,,0.51983
681,,,,,,0.95405,,,,,,0.512
682,,,,,,0.9562,,,,,,0.50418
683,,,,,,0.95619,,,,,,0.50404
684,,,,,,0.95618,,,,,,0.50391
685,,,,,,0.95617,,,,,,0.50378
686,,,,,,0.95911,,,,,,0.49269
687,,,,,,0.9591,,,,,,0.49256
688,,,,,,0.96076,,,,,,0.47925
689,,,,,,0.96407,,,,,,0.46568
690,,,,,,0.96406,,,,,,0.46555
691,,,,,,0.96405,,,,,,0.46542
692,,,,,,0.96431,,,,,,0.46542
693,,,,,,0.96457,,,,,,0.46529
694,,,,,,0.96791,,,,,,0.44859
695,,,,,,0.9712,,,,,,0.43124
696,,,,,,0.97118,,,,,,0.43098
697,,,,,,0.97118,,,,,,0.43085
698,,,,,,0.97145,,,,,,0.43072
699,,,,,,0.97145,,,,,,0.43058
700,,,,,,0.97143,,,,,,0.43032
701,,,,,,0.97167,,,,,,0.4118
702,,,,,,0.97167,,,,,,0.41166
703,,,,,,0.97267,,,,,,0.39014
704,,,,,,0.97298,,,,,,0.39001
705,,,,,,0.97297,,,,,,0.38987
706,,,,,,0.97296,,,,,,0.38974
707,,,,,,0.97295,,,,,,0.38948
708,,,,,,0.97294,,,,,,0.38935
709,,,,,,0.97562,,,,,,0.37069
710,,,,,,0.97561,,,,,,0.37056
711,,,,,,0.9756,,,,,,0.37043
712,,,,,,0.97594,,,,,,0.37043
713,,,,,,0.97592,,,,,,0.37017
714,,,,,,0.97591,,,,,,0.37004
715,,,,,,0.97714,,,,,,0.35138
716,,,,,,0.97713,,,,,,0.35125
717,,,,,,0.97712,,,,,,0.35112
718,,,,,,0.97963,,,,,,0.33259
719,,,,,,0.97962,,,,,,0.33246
720,,,,,,0.97962,,,,,,0.33233
721,,,,,,0.97999,,,,,,0.33233
722,,,,,,0.97998,,,,,,0.33207
723,,,,,,0.98164,,,,,,0.31394
724,,,,,,0.98204,,,,,,0.31394
725,,,,,,0.98203,,,,,,0.3138
726,,,,,,0.98203,,,,,,0.31367
727,,,,,,0.98202,,,,,,0.31354
728,,,,,,0.98228,,,,,,0.29658
729,,,,,,0.98227,,,,,,0.29645
730,,,,,,0.98227,,,,,,0.29632
731,,,,,,0.98224,,,,,,0.2958
732,,,,,,0.98258,,,,,,0.27975
733,,,,,,0.98258,,,,,,0.27962
734,,,,,,0.98255,,,,,,0.27923
735,,,,,,0.98254,,,,,,0.2791
736,,,,,,0.98321,,,,,,0.25979
737,,,,,,0.98319,,,,,,0.25953
738,,,,,,0.983,,,,,,0.24139
739,,,,,,0.98352,,,,,,0.24139
740,,,,,,0.98351,,,,,,0.24126
741,,,,,,0.98508,,,,,,0.22403
742,,,,,,0.98565,,,,,,0.22403
743,,,,,,0.98564,,,,,,0.2239
744,,,,,,0.98563,,,,,,0.22377
745,,,,,,0.98562,,,,,,0.22364
746,,,,,,0.9842,,,,,,0.20316
747,,,,,,0.98494,,,,,,0.18776
748,,,,,,0.98493,,,,,,0.18763
749,,,,,,0.98492,,,,,,0.1875
750,,,,,,0.98505,,,,,,0.17197
751,,,,,,0.98504,,,,,,0.17184
752,,,,,,0.98602,,,,,,0.15645
753,,,,,,0.98601,,,,,,0.15632
754,,,,,,0.986,,,,,,0.15618
755,,,,,,0.98599,,,,,,0.15605
756,,,,,,0.98597,,,,,,0.15592
757,,,,,,0.98645,,,,,,0.14248
758,,,,,,0.9872,,,,,,0.13087
759,,,,,,0.98697,,,,,,0.11861
760,,,,,,0.98542,,,,,,0.10582
761,,,,,,0.98476,,,,,,0.09277
762,,,,,,0.9856,,,,,,0.08038
763,,,,,,0.98551,,,,,,0.07098
764,,,,,,0.98548,,,,,,0.07085
765,,,,,,0.98745,,,,,,0.06159
766,,,,,,0.98952,,,,,,0.06159
767,,,,,,0.99272,,,,,,0.05337
768,,,,,,0.99403,,,,,,0.04345
769,,,,,,0.99401,,,,,,0.04332
770,,,,,,0.99308,,,,,,0.03745
771,,,,,,0.99184,,,,,,0.03171
772,,,,,,0.9918,,,,,,0.03158
773,,,,,,0.99065,,,,,,0.02766
774,,,,,,0.99061,,,,,,0.02753
775,,,,,,0.99429,,,,,,0.0227
776,,,,,,1.0,,,,,,0.01761
777,,,,,,1.0,,,,,,0.01383
778,,,,,,1.0,,,,,,0.01161
779,,,,,,1.0,,,,,,0.00979
780,,,,,,1.0,,,,,,0.0
