FBtr0309810.1	77
FBtr0309810	77
FBtr0309810.2	3
FBtr0347585	214
FBtr0347585.1	214
FBtr0345732	3
FBtr0345732.1	3
FBtr0345733	21
FBtr0345733.1	21
FBtr0344032.1	211
FBtr0344032	211
FBtr0344032.2	15
FBtr0344032.3	51
FBtr0336836	7
FBtr0336836.1	7
FBtr0336837.1	16
FBtr0336837	16
FBtr0336837.2	28
FBtr0336984	69
FBtr0336984.1	69
FBtr0336985	46
FBtr0336985.1	46
FBtr0336986	63
FBtr0336986.1	63
FBtr0336987	94
FBtr0336987.1	94
FBtr0336988.1	51
FBtr0336988	51
FBtr0336988.2	1
FBtr0347594	85
FBtr0347594.1	85
FBtr0347595.1	296
FBtr0347595	296
FBtr0347595.2	102
FBtr0345774	67
FBtr0345774.1	67
FBtr0345775	422
FBtr0345775.1	422
FBtr0329831	66
FBtr0329831.1	66
FBtr0329833	4
FBtr0329833.1	4
FBtr0347589	28097
FBtr0347589.1	28097
FBtr0347590	28
FBtr0347590.1	28
FBtr0347397.1	3274
FBtr0347397	3274
FBtr0445834.1	3274
FBtr0445834	3274
FBtr0347397.2	11
FBtr0445834.2	11
FBtr0343219	120
FBtr0343219.1	120
FBtr0343248	33
FBtr0343248.1	33
FBtr0345777	3
FBtr0345777.1	3
FBtr0344054.1	18
FBtr0344054	18
FBtr0344054.2	4
FBtr0342660	24
FBtr0342660.1	24
FBtr0345453	67
FBtr0345453.1	67
FBtr0334793	101
FBtr0334793.1	101
FBtr0445831	3429
FBtr0445831.1	3429
FBtr0345455	22
FBtr0345455.1	22
FBtr0479958.1	2
FBtr0479958	2
FBtr0479958.2	5
FBtr0479958.3	1
FBtr0346497	269
FBtr0346497.1	269
FBtr0343840	23
FBtr0343840.1	23
FBtr0334819.1	26
FBtr0334819	26
FBtr0334819.2	3
FBtr0334819.3	4
FBtr0344040.1	66
FBtr0344040	66
FBtr0344040.2	5
FBtr0334825	77
FBtr0334825.1	77
FBtr0304139.1	2
FBtr0304139	2
FBtr0304139.2	5
FBtr0309284.1	500
FBtr0309284	500
FBtr0309284.2	1
FBtr0309284.3	9
FBtr0309284.4	1
FBtr0309284.5	3
FBtr0346492	2
FBtr0346492.1	2
FBtr0343304	14
FBtr0343304.1	14
FBtr0334780.1	378
FBtr0334780	378
FBtr0334780.2	2
FBtr0334810.1	1157
FBtr0334810	1157
FBtr0334810.2	4
FBtr0334811	92
FBtr0334811.1	92
FBtr0335158	31
FBtr0335158.1	31
FBtr0304029.1	1774
FBtr0309033.1	1774
FBtr0335160.1	1774
FBtr0304029	1774
FBtr0309033	1774
FBtr0335160	1774
FBtr0304029.2	5
FBtr0335160.2	5
FBtr0309033.2	5
FBtr0347298.1	11
FBtr0347298	11
FBtr0347298.2	5
FBtr0335165	2
FBtr0335165.1	2
FBtr0452192	31
FBtr0452192.1	31
FBtr0332511	84
FBtr0332511.1	84
FBtr0332217	531
FBtr0332217.1	531
FBtr0345729	9
FBtr0345729.1	9
FBtr0340586	50
FBtr0340586.1	50
FBtr0340588	12
FBtr0340588.1	12
FBtr0343236	1
FBtr0343236.1	1
FBtr0345781	9
FBtr0345781.1	9
FBtr0345782.1	167
FBtr0345782	167
FBtr0333249.1	553
FBtr0333249	553
FBtr0333249.2	5
FBtr0345782.2	5
FBtr0345565	1
FBtr0345565.1	1
FBtr0345566	2
FBtr0345566.1	2
FBtr0339568.1	358
FBtr0339568	358
FBtr0339568.2	4
FBtr0339569.1	106
FBtr0339569	106
FBtr0339569.2	2
FBtr0332221	1
FBtr0332221.1	1
FBtr0339570	37
FBtr0339570.1	37
FBtr0339573	1135
FBtr0339573.1	1135
FBtr0334830	8
FBtr0334830.1	8
FBtr0334831	42
FBtr0334831.1	42
FBtr0345955.1	23
FBtr0345955	23
FBtr0345955.2	2
FBtr0345740	67
FBtr0345740.1	67
FBtr0334786.1	125
FBtr0334786	125
FBtr0334786.2	108
FBtr0342651	8
FBtr0342651.1	8
FBtr0342950.1	179
FBtr0334788	179
FBtr0334788.1	179
FBtr0342950	179
FBtr0342950.2	1
FBtr0342832.1	25
FBtr0342832	25
FBtr0342832.2	2
FBtr0342833	50
FBtr0342833.1	50
FBtr0342834.1	4
FBtr0342834	4
FBtr0342834.2	4
FBtr0342835	25
FBtr0342835.1	25
FBtr0342652.1	19
FBtr0342652	19
FBtr0342652.2	14
FBtr0091790	28
FBtr0091790.1	28
FBtr0091919	83
FBtr0091919.1	83
FBtr0091750	16
FBtr0091750.1	16
FBtr0342932.1	338
FBtr0342932	338
FBtr0342933	338
FBtr0342933.1	338
FBtr0342932.2	8
FBtr0342935	92
FBtr0342935.1	92
FBtr0344050.1	25
FBtr0344050	25
FBtr0344050.2	86
FBtr0342942	96
FBtr0342942.1	96
FBtr0329835	67
FBtr0329835.1	67
FBtr0329836	4
FBtr0329836.1	4
FBtr0345552	2
FBtr0345552.1	2
FBtr0343242	11
FBtr0343242.1	11
FBtr0343386.1	3
FBtr0343386	3
FBtr0343386.2	29
FBtr0343390	21
FBtr0343390.1	21
FBtr0332036.1	159
FBtr0340166.1	159
FBtr0332036	159
FBtr0340166	159
FBtr0332036.2	6
FBtr0340166.2	6
FBtr0342610	96
FBtr0342610.1	96
FBtr0342611	303
FBtr0342611.1	303
FBtr0342616	236
FBtr0342616.1	236
FBtr0345553	394
FBtr0345553.1	394
FBtr0345555	17
FBtr0345555.1	17
FBtr0345554	4
FBtr0345554.1	4
FBtr0332601.1	355
FBtr0332601	355
FBtr0332601.2	16
FBtr0332601.3	380
FBtr0332601.4	17
FBtr0308942.1	32
FBtr0308942	32
FBtr0308942.2	6
FBtr0343127.1	98
FBtr0343127	98
FBtr0343127.2	5
FBtr0343397	10
FBtr0343397.1	10
FBtr0343150.1	56
FBtr0343150	56
FBtr0343150.2	2
FBtr0343156	3
FBtr0343156.1	3
FBtr0343863	5
FBtr0343863.1	5
FBtr0334840	656
FBtr0334840.1	656
FBtr0343866.1	4
FBtr0345755.1	4
FBtr0343866	4
FBtr0345755	4
FBtr0343866.2	3
FBtr0345755.2	3
FBtr0339662	39
FBtr0339662.1	39
FBtr0347474.1	4
FBtr0347474	4
FBtr0347474.2	17
FBtr0342653	2
FBtr0342653.1	2
FBtr0347490	9
FBtr0347490.1	9
FBtr0344055.1	273
FBtr0344055	273
FBtr0344055.2	37
FBtr0347484	8
FBtr0347484.1	8
FBtr0332525.1	3430
FBtr0332524.1	3430
FBtr0332524	3430
FBtr0332525	3430
FBtr0332524.2	17
FBtr0332525.2	17
FBtr0334845	133
FBtr0334845.1	133
FBtr0347292	20
FBtr0347292.1	20
FBtr0345778	4
FBtr0345778.1	4
FBtr0343251.1	49
FBtr0343251	49
FBtr0343251.2	2
FBtr0343252	1
FBtr0343252.1	1
FBtr0347303	4
FBtr0347303.1	4
FBtr0346498	4
FBtr0346498.1	4
FBtr0343402	193
FBtr0343402.1	193
FBtr0344062.1	102
FBtr0344062	102
FBtr0344062.2	4
FBtr0345451	1120
FBtr0345451.1	1120
FBtr0335185	97
FBtr0335185.1	97
FBtr0335191.1	4
FBtr0335191	4
FBtr0335191.2	2
FBtr0335191.3	8
FBtr0306547.1	490
FBtr0306547	490
FBtr0306547.2	3
FBtr0330691	245
FBtr0330691.1	245
FBtr0345737	73
FBtr0345737.1	73
FBtr0309788	3155
FBtr0309788.1	3155
FBtr0344058.1	47
FBtr0344058	47
FBtr0344058.2	19
FBtr0340257.1	22
FBtr0340257	22
FBtr0340257.2	4
FBtr0340591	60
FBtr0340591.1	60
FBtr0340593	13
FBtr0340593.1	13
FBtr0342661	200
FBtr0342661.1	200
FBtr0342662	9
FBtr0342662.1	9
FBtr0345963	2
FBtr0345963.1	2
FBtr0345964	1
FBtr0345964.1	1
FBtr0342858.1	17
FBtr0342858	17
FBtr0342858.2	166
FBtr0332596.1	32
FBtr0332596	32
FBtr0332596.2	4
FBtr0332596.3	3
FBtr0331293.1	3
FBtr0331293	3
FBtr0331293.2	8
FBtr0331283.1	193
FBtr0331283	193
FBtr0331283.2	3
FBtr0342836.1	3
FBtr0342836	3
FBtr0342836.2	1
FBtr0344106	141
FBtr0344106.1	141
FBtr0347040	1
FBtr0347040.1	1
FBtr0310481	301
FBtr0310481.1	301
FBtr0343743	22
FBtr0343743.1	22
FBtr0343744	51
FBtr0343744.1	51
FBtr0343655	25
FBtr0343655.1	25
FBtr0343654.1	191
FBtr0343654	191
FBtr0343654.2	9
FBtr0344061.1	35
FBtr0344061	35
FBtr0344061.2	3
FBtr0344031.1	64
FBtr0344785.1	64
FBtr0344031	64
FBtr0344785	64
FBtr0344031.2	7
FBtr0344785.2	7
FBtr0344031.3	6
FBtr0344785.3	6
FBtr0337005	94
FBtr0337005.1	94
FBtr0345756	41
FBtr0345756.1	41
FBtr0342582.1	29
FBtr0342582	29
FBtr0342582.2	4
FBtr0346469	35
FBtr0346469.1	35
FBtr0336849	7
FBtr0336849.1	7
FBtr0340245	50
FBtr0340245.1	50
FBtr0345960	4
FBtr0345960.1	4
FBtr0345961	2
FBtr0345961.1	2
FBtr0340548.1	411
FBtr0340548	411
FBtr0340548.2	1
FBtr0329848	88
FBtr0329848.1	88
FBtr0342587	276
FBtr0342587.1	276
FBtr0342588	3
FBtr0342588.1	3
FBtr0479697.1	126
FBtr0479697	126
FBtr0479698.1	3
FBtr0479698	3
FBtr0479699	1
FBtr0479699.1	1
FBtr0479697.2	1
FBtr0479698.2	1
FBtr0340561	8
FBtr0340561.1	8
FBtr0340562	49
FBtr0340562.1	49
FBtr0340566	3761
FBtr0340566.1	3761
FBtr0340568	37
FBtr0340568.1	37
FBtr0335469	100
FBtr0335469.1	100
FBtr0335470.1	71
FBtr0335470	71
FBtr0335470.2	1
FBtr0344126	7266
FBtr0344126.1	7266
FBtr0342592	7
FBtr0342592.1	7
FBtr0347299	15
FBtr0347299.1	15
FBtr0342593	179
FBtr0342593.1	179
FBtr0342599	23
FBtr0342599.1	23
FBtr0342600	5
FBtr0342600.1	5
FBtr0342601	14
FBtr0342601.1	14
FBtr0303215.1	4
FBtr0303215	4
FBtr0303215.2	4
FBtr0342626.1	3
FBtr0342626	3
FBtr0342626.2	4
FBtr0342627	4
FBtr0342627.1	4
FBtr0342626.3	1
FBtr0344033.1	22
FBtr0344033	22
FBtr0344034	22
FBtr0344034.1	22
FBtr0344033.2	6
FBtr0344035.1	8
FBtr0344035	8
FBtr0344035.2	2
FBtr0336839	3
FBtr0336839.1	3
FBtr0336854	42
FBtr0336854.1	42
FBtr0345953	2
FBtr0345953.1	2
FBtr0345973	9
FBtr0345973.1	9
FBtr0336856	4
FBtr0336856.1	4
FBtr0347587	31
FBtr0347587.1	31
FBtr0345722.1	3
FBtr0345723.1	3
FBtr0345722	3
FBtr0345723	3
FBtr0345722.2	5
FBtr0345723.2	6
FBtr0334864.1	38
FBtr0334864	38
FBtr0334864.2	3
FBtr0344037	58
FBtr0344037.1	58
FBtr0342904.1	22
FBtr0342904	22
FBtr0342904.2	2
FBtr0343658.1	148
FBtr0343659.1	148
FBtr0343658	148
FBtr0343659	148
FBtr0343658.2	5
FBtr0343658.3	3
FBtr0343659.2	4
FBtr0307578.1	189
FBtr0307578	189
FBtr0307578.2	4
FBtr0343691	42
FBtr0343691.1	42
FBtr0342907	1500
FBtr0342907.1	1500
FBtr0342908	31
FBtr0342908.1	31
FBtr0344021.1	7
FBtr0344021	7
FBtr0336992.1	7
FBtr0336992	7
FBtr0344021.2	7
FBtr0336992.2	16
FBtr0344021.3	16
FBtr0310011.1	916
FBtr0310011	916
FBtr0310012	916
FBtr0310012.1	916
FBtr0310011.2	12
FBtr0343677	68
FBtr0343677.1	68
FBtr0342910	7
FBtr0342910.1	7
FBtr0342911	9
FBtr0342911.1	9
FBtr0342912	1
FBtr0342912.1	1
FBtr0343697	60
FBtr0343697.1	60
FBtr0343698	287
FBtr0343698.1	287
FBtr0308753	626
FBtr0308753.1	626
FBtr0343709	8
FBtr0343709.1	8
FBtr0346576	2
FBtr0346576.1	2
FBtr0345568	12
FBtr0345568.1	12
FBtr0345724	75
FBtr0345724.1	75
FBtr0332515.1	21
FBtr0332515	21
FBtr0332515.2	21
FBtr0332516	5
FBtr0332516.1	5
FBtr0343104	3
FBtr0343104.1	3
FBtr0307107.1	1418
FBtr0345721.1	1418
FBtr0307107	1418
FBtr0345721	1418
FBtr0307107.2	3
FBtr0345721.2	3
FBtr0336858	471
FBtr0336858.1	471
FBtr0310479.1	29
FBtr0310479	29
FBtr0310479.2	2
FBtr0345744	3
FBtr0345744.1	3
FBtr0343712	4
FBtr0343712.1	4
FBtr0343731	11
FBtr0343731.1	11
FBtr0343732	8
FBtr0343732.1	8
FBtr0343733	10
FBtr0343733.1	10
FBtr0331272.1	1
FBtr0331273.1	1
FBtr0331272	1
FBtr0331273	1
FBtr0331273.2	2
FBtr0331272.2	2
FBtr0331273.3	1
FBtr0331272.3	1
FBtr0346577	7
FBtr0346577.1	7
FBtr0343715	16
FBtr0343715.1	16
FBtr0344038.1	88
FBtr0344038	88
FBtr0344038.2	31
FBtr0343720	14
FBtr0343720.1	14
FBtr0331275	141
FBtr0331275.1	141
FBtr0342854.1	74
FBtr0342854	74
FBtr0342854.2	2
FBtr0343723	2
FBtr0343723.1	2
FBtr0343724	63
FBtr0343724.1	63
FBtr0332014.1	60713
FBtr0332014	60713
FBtr0332014.2	183
FBtr0332014.3	6
FBtr0308754	59
FBtr0308754.1	59
FBtr0332227.1	7
FBtr0332227	7
FBtr0332227.2	1
FBtr0332227.3	3
FBtr0343693	3
FBtr0343693.1	3
FBtr0342916	21
FBtr0342916.1	21
FBtr0332532.1	53
FBtr0332532	53
FBtr0332532.2	4
FBtr0346590.1	22237
FBtr0346590	22237
FBtr0308925.1	43969
FBtr0308926.1	43969
FBtr0308927.1	43969
FBtr0308929.1	43969
FBtr0308925	43969
FBtr0308926	43969
FBtr0308927	43969
FBtr0308929	43969
FBtr0308928.1	9
FBtr0308928	9
FBtr0308927.2	9
FBtr0308928.2	9
FBtr0308926.2	2
FBtr0308927.3	2
FBtr0346590.2	2
FBtr0308925.2	16
FBtr0308926.3	16
FBtr0308927.4	16
FBtr0308928.3	16
FBtr0346590.3	16
FBtr0308929.2	16
FBtr0340174.1	47925
FBtr0340174	47925
FBtr0340174.2	4
FBtr0345550	130
FBtr0345550.1	130
FBtr0340236	32
FBtr0340236.1	32
FBtr0345763	4
FBtr0345763.1	4
FBtr0345764	53
FBtr0345764.1	53
FBtr0332224.1	59
FBtr0346430.1	59
FBtr0332224	59
FBtr0346430	59
FBtr0332224.2	3
FBtr0346430.2	3
FBtr0345954	26
FBtr0345954.1	26
FBtr0340180	118
FBtr0340180.1	118
FBtr0346578	5
FBtr0346578.1	5
FBtr0339794	22
FBtr0339794.1	22
FBtr0339795.1	1
FBtr0339795	1
FBtr0339795.2	1
FBtr0340249	24
FBtr0340249.1	24
FBtr0347483	108
FBtr0347483.1	108
FBtr0346495	792
FBtr0346495.1	792
FBtr0306838.1	243
FBtr0306838	243
FBtr0306838.2	22
FBtr0346476	5
FBtr0346476.1	5
FBtr0346993	99999
FBtr0346993.1	99999
FBtr0346994	2153
FBtr0346994.1	2153
FBtr0346477	27
FBtr0346477.1	27
FBtr0344798	395
FBtr0344798.1	395
FBtr0308768	169
FBtr0308768.1	169
FBtr0308769	3
FBtr0308769.1	3
FBtr0342647	5
FBtr0342647.1	5
FBtr0342648	5
FBtr0342648.1	5
FBtr0340578	6
FBtr0340578.1	6
FBtr0308755.1	111
FBtr0343815.1	111
FBtr0343815	111
FBtr0308755	111
FBtr0343815.2	2
FBtr0308755.2	2
FBtr0347191.1	140
FBtr0347192.1	140
FBtr0347192	140
FBtr0347191	140
FBtr0347192.2	1
FBtr0347191.2	3
FBtr0452164	29
FBtr0452164.1	29
FBtr0342828	7
FBtr0342828.1	7
FBtr0342829	12
FBtr0342829.1	12
FBtr0342830	66
FBtr0342830.1	66
FBtr0346504	11
FBtr0346504.1	11
FBtr0340583.1	81
FBtr0340583	81
FBtr0340583.2	2
FBtr0340584.1	38
FBtr0340584	38
FBtr0340584.2	1
FBtr0340585	40
FBtr0340585.1	40
FBtr0306973.1	231
FBtr0306973	231
FBtr0306973.2	2
FBtr0306973.3	3
FBtr0343110	10
FBtr0343110.1	10
FBtr0343111	6
FBtr0343111.1	6
FBtr0342920.1	3
FBtr0342920	3
FBtr0342920.2	4
FBtr0342920.3	1
FBtr0342922.1	104
FBtr0342922	104
FBtr0342922.2	2
FBtr0342923	232
FBtr0342923.1	232
FBtr0342925	91
FBtr0342925.1	91
FBtr0345558	3
FBtr0345558.1	3
FBtr0343847.1	11
FBtr0343847	11
FBtr0343847.2	4
FBtr0347489.1	56
FBtr0347489	56
FBtr0347489.2	5
FBtr0336815.1	17
FBtr0336815	17
FBtr0336815.2	4
FBtr0336816	57
FBtr0336816.1	57
FBtr0346479	3774
FBtr0346479.1	3774
FBtr0345452	439
FBtr0345452.1	439
FBtr0346501	391
FBtr0346501.1	391
FBtr0345962	3
FBtr0345962.1	3
FBtr0332238	44
FBtr0332238.1	44
FBtr0332240.1	162
FBtr0332239.1	162
FBtr0332241.1	162
FBtr0332239	162
FBtr0332240	162
FBtr0332241	162
FBtr0332239.2	2
FBtr0332240.2	2
FBtr0332241.2	2
FBtr0309973.1	50
FBtr0309973	50
FBtr0309974	50
FBtr0309974.1	50
FBtr0309973.2	1
FBtr0344577.1	7
FBtr0344577	7
FBtr0344577.2	2
FBtr0475141	58
FBtr0475141.1	58
FBtr0346909	15560
FBtr0346909.1	15560
FBtr0345766	32167
FBtr0345766.1	32167
FBtr0345767	8
FBtr0345767.1	8
FBtr0345768.1	12
FBtr0345768	12
FBtr0345768.2	235
FBtr0346482	18
FBtr0346482.1	18
FBtr0345743.1	99999
FBtr0345743	99999
FBtr0345743.2	4
FBtr0081385.1	67533
FBtr0300250.1	67533
FBtr0300249.1	67533
FBtr0081385	67533
FBtr0300249	67533
FBtr0300250	67533
FBtr0081385.2	7
FBtr0300250.2	7
FBtr0300249.2	13
FBtr0300250.3	13
FBtr0081385.3	13
FBtr0300249.3	3
FBtr0300250.4	3
FBtr0081385.4	78
FBtr0300249.4	78
FBtr0300250.5	78
FBtr0344107	2
FBtr0344107.1	2
FBtr0336826	260
FBtr0336826.1	260
FBtr0336827	4
FBtr0336827.1	4
FBtr0345572	2
FBtr0345572.1	2
FBtr0335500.1	32
FBtr0335500	32
FBtr0335500.2	3
FBtr0344046.1	16
FBtr0344046	16
FBtr0344046.2	2
FBtr0344046.3	3
FBtr0343872	193
FBtr0343872.1	193
FBtr0346493	160
FBtr0346493.1	160
FBtr0344487.1	125
FBtr0344486	125
FBtr0344486.1	125
FBtr0344487	125
FBtr0344487.2	2
FBtr0091725	
FBtr0091725.1	
FBtr0091726	
FBtr0091726.1	
FBtr0091727	
FBtr0091727.1	
FBtr0091728	
FBtr0091728.1	
FBtr0091729	
FBtr0091729.1	
FBtr0091730	
FBtr0091730.1	
FBtr0091731	
FBtr0091731.1	
FBtr0091732	
FBtr0091732.1	
FBtr0091733	
FBtr0091733.1	
FBtr0091734	
FBtr0091734.1	
FBtr0091735	
FBtr0091735.1	
FBtr0091736	
FBtr0091736.1	
FBtr0091737	
FBtr0091737.1	
FBtr0091738	
FBtr0091738.1	
FBtr0091739	
FBtr0091739.1	
FBtr0091740	
FBtr0091740.1	
FBtr0091741	
FBtr0091741.1	
FBtr0091742	
FBtr0091742.1	
FBtr0091743	
FBtr0091743.1	
FBtr0091744	
FBtr0091744.1	
FBtr0305496	1243
FBtr0305496.1	1243
FBtr0309039	1243
FBtr0309039.1	1243
FBtr0344059.1	11
FBtr0344059	11
FBtr0344059.2	112
FBtr0342857.1	1717
FBtr0342857	1717
FBtr0342856.1	1717
FBtr0342855.1	1717
FBtr0342855	1717
FBtr0342856	1717
FBtr0342855.2	20
FBtr0342856.2	20
FBtr0342857.2	20
FBtr0347295.1	9
FBtr0347295	9
FBtr0347295.2	93
FBtr0343231	238
FBtr0343231.1	238
FBtr0343879.1	3
FBtr0343879	3
FBtr0343878.1	79
FBtr0343877.1	79
FBtr0343878	79
FBtr0343877	79
FBtr0343878.2	17
FBtr0343877.2	20
FBtr0343879.2	20
FBtr0343877.3	15
FBtr0343879.3	15
FBtr0343877.4	8
FBtr0343879.4	8
FBtr0331274.1	9
FBtr0331274	9
FBtr0331274.2	9
FBtr0345727.1	92
FBtr0345727	92
FBtr0345727.2	3
FBtr0345727.3	1
FBtr0346483	16
FBtr0346483.1	16
FBtr0336991	328
FBtr0336991.1	328
FBtr0343255	3
FBtr0343255.1	3
FBtr0335390	90
FBtr0335390.1	90
FBtr0100032	7817
FBtr0100032.1	7817
FBtr0345728	4
FBtr0345728.1	4
FBtr0306295.1	66
FBtr0306296.1	66
FBtr0306297.1	66
FBtr0306295	66
FBtr0306296	66
FBtr0306297	66
FBtr0306296.2	3738
FBtr0306297.2	3738
FBtr0306295.2	3738
FBtr0306297.3	8
FBtr0306296.3	8
FBtr0343305	35
FBtr0343305.1	35
FBtr0415459.1	46291
FBtr0415459	46291
FBtr0415457.1	46291
FBtr0415455.1	46291
FBtr0415458.1	46291
FBtr0415460.1	46291
FBtr0415458	46291
FBtr0415455	46291
FBtr0415460	46291
FBtr0415457	46291
FBtr0415458.2	868
FBtr0415455.2	6
FBtr0415457.2	6
FBtr0415459.2	6
FBtr0415460.2	6
FBtr0415458.3	14
FBtr0415455.3	14
FBtr0415460.3	14
FBtr0415456.1	232
FBtr0415456	232
FBtr0415456.2	11
FBtr0415457.3	11
FBtr0415459.3	11
FBtr0306299.1	2516
FBtr0306299	2516
FBtr0306299.2	4
FBtr0339231.1	435
FBtr0339231	435
FBtr0339231.2	3
FBtr0479701	18393
FBtr0479701.1	18393
FBtr0479702.1	18393
FBtr0479704.1	18393
FBtr0479704	18393
FBtr0479702	18393
FBtr0479700.1	18393
FBtr0479703.1	18393
FBtr0479700	18393
FBtr0479703	18393
FBtr0479704.2	3
FBtr0479700.2	3
FBtr0479702.2	3
FBtr0479703.2	3
FBtr0479704.3	3
FBtr0347583.1	3
FBtr0347584.1	3
FBtr0347583	3
FBtr0347584	3
FBtr0347583.2	83
FBtr0347584.2	83
FBtr0479969	2622
FBtr0479969.1	2622
FBtr0479970	
FBtr0479970.1	
FBtr0344922.1	1
FBtr0344922	1
FBtr0344922.2	43
FBtr0344921.1	43
FBtr0346679.1	43
FBtr0344921	43
FBtr0346679	43
FBtr0344922.3	
FBtr0346681.1	
FBtr0346681	
FBtr0346681.2	
FBtr0346680.1	
FBtr0346682.1	
FBtr0346680	
FBtr0346682	
FBtr0346681.3	
FBtr0344921.2	
FBtr0346680.2	
FBtr0344922.4	
FBtr0346679.2	
FBtr0346681.4	
FBtr0346682.2	
FBtr0334987.1	3
FBtr0334987	3
FBtr0334987.2	1
FBtr0345980.1	394
FBtr0345980	394
FBtr0345980.2	11
FBtr0347293	7386
FBtr0347293.1	7386
FBtr0479963	3976
FBtr0479963.1	3976
FBtr0479962.1	693
FBtr0479962	693
FBtr0479964	1
FBtr0479964.1	1
FBtr0479962.2	18
FBtr0479965.1	13
FBtr0479965	13
FBtr0479965.2	44
FBtr0306314.1	1009
FBtr0306314	1009
FBtr0306314.2	30
FBtr0306315.1	29
FBtr0306315	29
FBtr0306314.3	4
FBtr0306315.2	4
FBtr0335256.1	245
FBtr0335257.1	245
FBtr0308117	245
FBtr0308117.1	245
FBtr0335256	245
FBtr0335257	245
FBtr0335256.2	4
FBtr0335257.2	4
FBtr0302350.1	200
FBtr0335261.1	200
FBtr0302350	200
FBtr0335261	200
FBtr0335261.2	154
FBtr0302350.2	154
FBtr0302350.3	62
FBtr0335261.3	62
FBtr0302350.4	15
FBtr0335261.4	15
FBtr0302350.5	3
FBtr0335261.5	3
FBtr0302350.6	4
FBtr0335261.6	4
FBtr0302350.7	3
FBtr0335261.7	3
FBtr0302350.8	3
FBtr0335261.8	3
FBtr0345990	263
FBtr0345990.1	263
FBtr0335264	29
FBtr0335264.1	29
FBtr0335265.1	1322
FBtr0335265	1322
FBtr0335265.2	22
FBtr0335287	238
FBtr0335287.1	238
FBtr0344875.1	29
FBtr0344875	29
FBtr0344875.2	2
FBtr0473389	2694
FBtr0473389.1	2694
FBtr0336657	5
FBtr0336657.1	5
FBtr0309820.1	103
FBtr0309820	103
FBtr0309821.1	6
FBtr0309821	6
FBtr0309820.2	9
FBtr0309821.2	9
FBtr0309820.3	3
FBtr0309821.3	3
FBtr0336661	46
FBtr0336661.1	46
FBtr0336743.1	436
FBtr0336743	436
FBtr0336742.1	2
FBtr0336742	2
FBtr0336742.2	4
FBtr0336743.2	4
FBtr0336742.3	26
FBtr0336743.3	26
FBtr0336742.4	2
FBtr0336743.4	2
FBtr0336742.5	3
FBtr0336743.5	3
FBtr0336744	338
FBtr0336744.1	338
FBtr0340502	2
FBtr0340502.1	2
FBtr0336881	47
FBtr0336881.1	47
FBtr0345539	142
FBtr0345539.1	142
FBtr0344905.1	78
FBtr0344906.1	78
FBtr0344905	78
FBtr0344906	78
FBtr0344905.2	9
FBtr0344905.3	9
FBtr0344906.2	9
FBtr0344905.4	19
FBtr0344906.3	19
FBtr0344905.5	4
FBtr0344906.4	4
FBtr0334802	173
FBtr0334802.1	173
FBtr0336910	71
FBtr0336910.1	71
FBtr0345668	182
FBtr0345668.1	182
FBtr0336917.1	163
FBtr0329875	163
FBtr0329875.1	163
FBtr0336917	163
FBtr0336917.2	46
FBtr0344725.1	118
FBtr0344724.1	118
FBtr0344724	118
FBtr0344725	118
FBtr0344724.2	6
FBtr0344725.2	6
FBtr0345478	181
FBtr0345478.1	181
FBtr0334804.1	62
FBtr0334805.1	62
FBtr0334804	62
FBtr0334805	62
FBtr0334804.2	8
FBtr0334805.2	8
FBtr0334804.3	2
FBtr0334805.3	2
FBtr0339311	425
FBtr0339311.1	425
FBtr0340504	1
FBtr0340504.1	1
FBtr0339348	18
FBtr0339348.1	18
FBtr0340506	4
FBtr0340506.1	4
FBtr0340507	2
FBtr0340507.1	2
FBtr0340508	6
FBtr0340508.1	6
FBtr0339304	7
FBtr0339304.1	7
FBtr0339305	13
FBtr0339305.1	13
FBtr0300230.1	13989
FBtr0300230	13989
FBtr0300230.2	40
FBtr0300230.3	44
FBtr0300230.4	63
FBtr0300230.5	22
FBtr0300230.6	71
FBtr0300230.7	19
FBtr0300230.8	12
FBtr0339365	693
FBtr0339365.1	693
FBtr0339366	66
FBtr0339366.1	66
FBtr0345583	1
FBtr0345583.1	1
FBtr0340510	2
FBtr0340510.1	2
FBtr0344909.1	2778
FBtr0344909	2778
FBtr0344909.2	67
FBtr0310104	99999
FBtr0310104.1	99999
FBtr0310105	99999
FBtr0310105.1	99999
FBtr0347588	106
FBtr0347588.1	106
FBtr0334806.1	51
FBtr0334806	51
FBtr0334806.2	5
FBtr0334806.3	3
FBtr0344698	13
FBtr0344698.1	13
FBtr0336932.1	973
FBtr0336931.1	973
FBtr0336931	973
FBtr0336932	973
FBtr0336931.2	2
FBtr0336932.2	2
FBtr0336933.1	710
FBtr0336934.1	710
FBtr0336933	710
FBtr0336934	710
FBtr0336933.2	5
FBtr0336934.2	5
FBtr0339405	121
FBtr0339405.1	121
FBtr0344919.1	966
FBtr0344920.1	966
FBtr0344919	966
FBtr0344920	966
FBtr0344920.2	4
FBtr0344919.2	5
FBtr0344919.3	10
FBtr0344920.3	10
FBtr0344919.4	4
FBtr0344920.4	4
FBtr0345976	88
FBtr0345976.1	88
FBtr0479715	4
FBtr0479715.1	4
FBtr0344611.1	739
FBtr0344611	739
FBtr0344611.2	4
FBtr0344913.1	5020
FBtr0344913	5020
FBtr0344913.2	14
FBtr0344913.3	31
FBtr0344914.1	97
FBtr0344914	97
FBtr0344913.4	5
FBtr0344914.2	5
FBtr0344915.1	1959
FBtr0345623.1	1959
FBtr0344915	1959
FBtr0345623	1959
FBtr0344915.2	235
FBtr0345623.2	235
FBtr0344916.1	454
FBtr0344916	454
FBtr0344916.2	44
FBtr0309816.1	208
FBtr0309816	208
FBtr0309816.2	3
FBtr0344612.1	214
FBtr0344612	214
FBtr0344612.2	3
FBtr0344917.1	361
FBtr0344917	361
FBtr0344917.2	78
FBtr0339470	870
FBtr0339470.1	870
FBtr0345362	11
FBtr0345362.1	11
FBtr0475066	14
FBtr0475066.1	14
FBtr0333069	714
FBtr0333069.1	714
FBtr0339554	144
FBtr0339554.1	144
FBtr0345658	5
FBtr0345658.1	5
FBtr0339556	4
FBtr0339556.1	4
FBtr0345473	192
FBtr0345473.1	192
FBtr0345530	455
FBtr0345530.1	455
FBtr0479719	455
FBtr0479719.1	455
FBtr0332931.1	99999
FBtr0332931	99999
FBtr0332931.2	31449
FBtr0332931.3	51
FBtr0303918.1	5315
FBtr0303919.1	5315
FBtr0303918	5315
FBtr0303919	5315
FBtr0345021.1	57237
FBtr0345021	57237
FBtr0303918.2	24
FBtr0345021.2	24
FBtr0303919.2	24
FBtr0345477	2702
FBtr0345477.1	2702
FBtr0345977	34
FBtr0345977.1	34
FBtr0344923.1	14
FBtr0344923	14
FBtr0344925.1	1
FBtr0344924.1	1
FBtr0344924	1
FBtr0344925	1
FBtr0344923.2	3
FBtr0344923.3	49
FBtr0344924.2	49
FBtr0344925.2	49
FBtr0344923.4	9
FBtr0344924.3	9
FBtr0344925.3	9
FBtr0339390.1	511
FBtr0309292.1	511
FBtr0309292	511
FBtr0339390	511
FBtr0309292.2	2
FBtr0339390.2	2
FBtr0309292.3	3
FBtr0339390.3	3
FBtr0309293.1	145
FBtr0309293	145
FBtr0309293.2	7
FBtr0347533	32
FBtr0347533.1	32
FBtr0472677	3
FBtr0472677.1	3
FBtr0472678	2
FBtr0472678.1	2
FBtr0472679	2
FBtr0472679.1	2
FBtr0472680	1
FBtr0472680.1	1
FBtr0472681	3
FBtr0472681.1	3
FBtr0340521.1	21
FBtr0340521	21
FBtr0340521.2	4
FBtr0339737	115
FBtr0339737.1	115
FBtr0339943	271
FBtr0339943.1	271
FBtr0339944	9727
FBtr0339944.1	9727
FBtr0332253.1	79
FBtr0332253	79
FBtr0332253.2	6
FBtr0332254.1	120
FBtr0332254	120
FBtr0332254.2	19
FBtr0339952.1	978
FBtr0339952	978
FBtr0339952.2	9
FBtr0339989	307
FBtr0339989.1	307
FBtr0340522.1	2
FBtr0340522	2
FBtr0340522.2	2
FBtr0300231.1	41772
FBtr0300251.1	41772
FBtr0300231	41772
FBtr0300251	41772
FBtr0300231.2	148
FBtr0300251.2	148
FBtr0300231.3	52
FBtr0300251.3	52
FBtr0300231.4	21
FBtr0300231.5	10
FBtr0300251.4	10
FBtr0300231.6	16
FBtr0300251.5	16
FBtr0300231.7	15
FBtr0300251.6	15
FBtr0300231.8	13
FBtr0300251.7	13
FBtr0300231.9	30
FBtr0300251.8	30
FBtr0300231.10	147
FBtr0300251.9	147
FBtr0300231.11	118
FBtr0300251.10	118
FBtr0300231.12	181
FBtr0300251.11	181
FBtr0347197.1	2
FBtr0347197	2
FBtr0347197.2	3
FBtr0332258.1	53
FBtr0339988.1	53
FBtr0332258	53
FBtr0339988	53
FBtr0332258.2	5
FBtr0339988.2	5
FBtr0345421	443
FBtr0345421.1	443
FBtr0340517.1	1
FBtr0340516.1	1
FBtr0340516	1
FBtr0340517	1
FBtr0340516.2	5
FBtr0340517.2	5
FBtr0340008.1	7738
FBtr0340009.1	7738
FBtr0340008	7738
FBtr0340009	7738
FBtr0340008.2	355
FBtr0340009.2	355
FBtr0340008.3	7
FBtr0340009.3	10
FBtr0340009.4	6
FBtr0340008.4	6
FBtr0340009.5	12
FBtr0340008.5	12
FBtr0340009.6	4
FBtr0340518	127
FBtr0340518.1	127
FBtr0344209	145
FBtr0344209.1	145
FBtr0347021	52
FBtr0347021.1	52
FBtr0344930.1	2836
FBtr0344930	2836
FBtr0344930.2	58
FBtr0479949.1	2
FBtr0479949	2
FBtr0479949.2	3
FBtr0340012	4
FBtr0340012.1	4
FBtr0344193.1	11
FBtr0345223.1	11
FBtr0344193	11
FBtr0345223	11
FBtr0345223.2	2
FBtr0344193.2	2
FBtr0347112	27
FBtr0347112.1	27
FBtr0332854.1	16
FBtr0332854	16
FBtr0332854.2	3
FBtr0308763	459
FBtr0308763.1	459
FBtr0345655	9
FBtr0345655.1	9
FBtr0340524	156
FBtr0340524.1	156
FBtr0340525	2761
FBtr0340525.1	2761
FBtr0340079.1	14
FBtr0340078.1	14
FBtr0340078	14
FBtr0340079	14
FBtr0340078.2	22
FBtr0340079.2	22
FBtr0310102	53995
FBtr0310102.1	53995
FBtr0310103	7448
FBtr0310103.1	7448
FBtr0340526	1487
FBtr0340526.1	1487
FBtr0340527.1	2
FBtr0340527	2
FBtr0340527.2	3
FBtr0340075	191
FBtr0340075.1	191
FBtr0340076	25
FBtr0340076.1	25
FBtr0474094	8
FBtr0474094.1	8
FBtr0345516	1
FBtr0345516.1	1
FBtr0340128.1	274
FBtr0340128	274
FBtr0340128.2	2
FBtr0340129	11
FBtr0340129.1	11
FBtr0345671	4
FBtr0345671.1	4
FBtr0347117	230
FBtr0347117.1	230
FBtr0345523	107
FBtr0345523.1	107
FBtr0345524	148
FBtr0345524.1	148
FBtr0344933.1	43
FBtr0344933	43
FBtr0344933.2	13
FBtr0086842.1	75858
FBtr0333558.1	75858
FBtr0086842	75858
FBtr0333558	75858
FBtr0333558.2	35
FBtr0086842.2	35
FBtr0086842.3	76
FBtr0333558.3	76
FBtr0086842.4	197
FBtr0333558.4	197
FBtr0086842.5	10
FBtr0333558.5	10
FBtr0086842.6	11
FBtr0333558.6	11
FBtr0086842.7	9
FBtr0333558.7	9
FBtr0086842.8	24
FBtr0333558.8	24
FBtr0086842.9	18
FBtr0333558.9	18
FBtr0086842.10	7
FBtr0333558.10	7
FBtr0086842.11	5
FBtr0333558.11	5
FBtr0086842.12	9
FBtr0333558.12	9
FBtr0086842.13	11
FBtr0333558.13	11
FBtr0086842.14	49
FBtr0333558.14	49
FBtr0086842.15	36
FBtr0333558.15	36
FBtr0086842.16	79
FBtr0333558.16	79
FBtr0086842.17	24
FBtr0333558.17	24
FBtr0340275	54
FBtr0340275.1	54
FBtr0340282	24804
FBtr0340282.1	24804
FBtr0340284	414
FBtr0340284.1	414
FBtr0340285	289
FBtr0340285.1	289
FBtr0345643	8
FBtr0345643.1	8
FBtr0344194.1	322
FBtr0344194	322
FBtr0344194.2	4
FBtr0344934.1	100
FBtr0344934	100
FBtr0344934.2	12
FBtr0345624	66
FBtr0345624.1	66
FBtr0340330	11
FBtr0340330.1	11
FBtr0340530.1	12
FBtr0340530	12
FBtr0340530.2	26
FBtr0340530.3	2
FBtr0445172	74
FBtr0445172.1	74
FBtr0091953.1	972
FBtr0091953	972
FBtr0091953.2	8
FBtr0333776.1	172
FBtr0333776	172
FBtr0333776.2	29
FBtr0333776.3	10
FBtr0340528.1	235
FBtr0340528	235
FBtr0340529	235
FBtr0340529.1	235
FBtr0340528.2	4
FBtr0308767	831
FBtr0308767.1	831
FBtr0479984	379
FBtr0479984.1	379
FBtr0479985.1	379
FBtr0479986.1	379
FBtr0479985	379
FBtr0479986	379
FBtr0479987.1	5
FBtr0479987	5
FBtr0479985.2	4
FBtr0479985.3	57
FBtr0479986.2	57
FBtr0479987.2	57
FBtr0308635.1	46
FBtr0308635	46
FBtr0308635.2	162
FBtr0347018	170
FBtr0347018.1	170
FBtr0309059	88
FBtr0309059.1	88
FBtr0340535	4
FBtr0340535.1	4
FBtr0340536	344
FBtr0340536.1	344
FBtr0340537	46
FBtr0340537.1	46
FBtr0340594	7
FBtr0340594.1	7
FBtr0336980	10
FBtr0336980.1	10
FBtr0340596	1501
FBtr0340596.1	1501
FBtr0345374	246
FBtr0345374.1	246
FBtr0340724.1	31
FBtr0340724	31
FBtr0340724.2	5
FBtr0340520.1	94
FBtr0340520	94
FBtr0340520.2	18
FBtr0342665	52
FBtr0342665.1	52
FBtr0342668	29
FBtr0342668.1	29
FBtr0342682	3
FBtr0342682.1	3
FBtr0342683	5
FBtr0342683.1	5
FBtr0475310	1
FBtr0475310.1	1
FBtr0475312	25
FBtr0475312.1	25
FBtr0342684.1	3
FBtr0342684	3
FBtr0342684.2	3
FBtr0342685	32
FBtr0342685.1	32
FBtr0342687	33
FBtr0342687.1	33
FBtr0342688	3
FBtr0342688.1	3
FBtr0345372	14
FBtr0345372.1	14
FBtr0342674	261
FBtr0342674.1	261
FBtr0342675	107
FBtr0342675.1	107
FBtr0342676	161
FBtr0342676.1	161
FBtr0342677	2
FBtr0342677.1	2
FBtr0342678	26
FBtr0342678.1	26
FBtr0342692	3
FBtr0342692.1	3
FBtr0342693	2
FBtr0342693.1	2
FBtr0342694	3
FBtr0342694.1	3
FBtr0342695	2
FBtr0342695.1	2
FBtr0342696	4
FBtr0342696.1	4
FBtr0342699	44
FBtr0342699.1	44
FBtr0342700	80
FBtr0342700.1	80
FBtr0342703.1	26
FBtr0342703	26
FBtr0342703.2	3
FBtr0342720	46
FBtr0342720.1	46
FBtr0342790	91
FBtr0342790.1	91
FBtr0345680	91
FBtr0345680.1	91
FBtr0342793.1	186
FBtr0342793	186
FBtr0342793.2	340
FBtr0305615.1	3134
FBtr0305615	3134
FBtr0305615.2	11
FBtr0305615.3	4
FBtr0342840	59
FBtr0342840.1	59
FBtr0342841	14
FBtr0342841.1	14
FBtr0091920	47
FBtr0091920.1	47
FBtr0344613.1	43
FBtr0344613	43
FBtr0344613.2	3
FBtr0342955.1	593
FBtr0342955	593
FBtr0342955.2	13
FBtr0308944.1	27255
FBtr0344884.1	27255
FBtr0308944	27255
FBtr0344884	27255
FBtr0308944.2	77
FBtr0344884.2	77
FBtr0345795.1	459
FBtr0345795	459
FBtr0345795.2	4
FBtr0308773	73
FBtr0308773.1	73
FBtr0342996.1	208
FBtr0342996	208
FBtr0342996.2	2
FBtr0342995.1	62
FBtr0342995	62
FBtr0342995.2	4
FBtr0345497	374
FBtr0345497.1	374
FBtr0343003.1	2052
FBtr0343003	2052
FBtr0343003.2	5
FBtr0343005	2095
FBtr0343005.1	2095
FBtr0343006	27
FBtr0343006.1	27
FBtr0343007	3
FBtr0343007.1	3
FBtr0309275.1	146
FBtr0309275	146
FBtr0309275.2	4
FBtr0303209.1	421
FBtr0303209	421
FBtr0303209.2	25
FBtr0340514	24
FBtr0340514.1	24
FBtr0343203	241
FBtr0343203.1	241
FBtr0331986	23
FBtr0331986.1	23
FBtr0345699	96
FBtr0345699.1	96
FBtr0343262.1	202
FBtr0343262	202
FBtr0343262.2	2
FBtr0343262.3	6
FBtr0343260	150
FBtr0343260.1	150
FBtr0347022	992
FBtr0347022.1	992
FBtr0347019.1	625
FBtr0347020.1	625
FBtr0347019	625
FBtr0347020	625
FBtr0347019.2	12
FBtr0347020.2	12
FBtr0452213	441
FBtr0452213.1	441
FBtr0343306.1	12
FBtr0343306	12
FBtr0343306.2	3
FBtr0343307.1	8
FBtr0343307	8
FBtr0343306.3	419
FBtr0343308.1	419
FBtr0343308	419
FBtr0343306.4	88
FBtr0343307.2	88
FBtr0343308.2	88
FBtr0343315	21
FBtr0343315.1	21
FBtr0302365	516
FBtr0302365.1	516
FBtr0334803.1	1300
FBtr0334803	1300
FBtr0334803.2	19
FBtr0306316.1	1156
FBtr0306316	1156
FBtr0306316.2	88
FBtr0306316.3	9
FBtr0306316.4	6
FBtr0343499	71
FBtr0343499.1	71
FBtr0345420	5
FBtr0345420.1	5
FBtr0340637	6
FBtr0340637.1	6
FBtr0347235.1	56
FBtr0347235	56
FBtr0347235.2	12
FBtr0345842	464
FBtr0345842.1	464
FBtr0346827	34
FBtr0346827.1	34
FBtr0304059.1	99999
FBtr0309035.1	99999
FBtr0309036.1	99999
FBtr0309037.1	99999
FBtr0309038.1	99999
FBtr0304059	99999
FBtr0309038	99999
FBtr0309035	99999
FBtr0309036	99999
FBtr0309037	99999
FBtr0304059.2	3290
FBtr0309035.2	3290
FBtr0309036.2	3290
FBtr0309037.2	3290
FBtr0309038.2	3290
FBtr0309038.3	377
FBtr0309036.3	377
FBtr0309037.3	377
FBtr0309035.3	377
FBtr0304059.3	377
FBtr0309038.4	1749
FBtr0309036.4	280
FBtr0309037.4	726
FBtr0309035.4	894
FBtr0333900	16
FBtr0333900.1	16
FBtr0347133.1	174
FBtr0347133	174
FBtr0347133.2	1
FBtr0344815	345
FBtr0344815.1	345
FBtr0344816	2
FBtr0344816.1	2
FBtr0346829	849
FBtr0346829.1	849
FBtr0346828.1	34
FBtr0346828	34
FBtr0346828.2	5
FBtr0306918	74917
FBtr0306918.1	74917
FBtr0333725	74917
FBtr0333725.1	74917
FBtr0333724	33632
FBtr0333724.1	33632
FBtr0340640	4
FBtr0340640.1	4
FBtr0340687	9
FBtr0340687.1	9
FBtr0332751	441
FBtr0332751.1	441
FBtr0347478.1	61
FBtr0347478	61
FBtr0347478.2	8
FBtr0346830	106
FBtr0346830.1	106
FBtr0346831	95
FBtr0346831.1	95
FBtr0346832.1	209
FBtr0346832	209
FBtr0346832.2	4
FBtr0346566	5
FBtr0346566.1	5
FBtr0321280	2161
FBtr0321280.1	2161
FBtr0346833	2574
FBtr0346833.1	2574
FBtr0346836	58
FBtr0346836.1	58
FBtr0339807	148
FBtr0339807.1	148
FBtr0346858	119
FBtr0346858.1	119
FBtr0346433	2
FBtr0346433.1	2
FBtr0346849	149
FBtr0346849.1	149
FBtr0309034.1	4978
FBtr0309034	4978
FBtr0304032.1	4978
FBtr0304032	4978
FBtr0304033	4978
FBtr0304033.1	4978
FBtr0309034.2	6
FBtr0304032.2	11
FBtr0346823.1	24
FBtr0346823	24
FBtr0346823.2	4
FBtr0345876	165
FBtr0345876.1	165
FBtr0345045.1	10
FBtr0345045	10
FBtr0345045.2	5
FBtr0345045.3	6
FBtr0347099	28
FBtr0347099.1	28
FBtr0340667	3
FBtr0340667.1	3
FBtr0346840	3
FBtr0346840.1	3
FBtr0346079	284
FBtr0346079.1	284
FBtr0345875	284
FBtr0345875.1	284
FBtr0309982	9080
FBtr0309982.1	9080
FBtr0344727	2690
FBtr0344727.1	2690
FBtr0347118	3307
FBtr0347118.1	3307
FBtr0345822	2
FBtr0345822.1	2
FBtr0346556	310
FBtr0346556.1	310
FBtr0309509.1	108
FBtr0309508	108
FBtr0309508.1	108
FBtr0309509	108
FBtr0309509.2	6
FBtr0346406	38
FBtr0346406.1	38
FBtr0073162	15
FBtr0073162.1	15
FBtr0333133.1	42
FBtr0333133	42
FBtr0333133.2	86
FBtr0344951.1	995
FBtr0344951	995
FBtr0344951.2	9
FBtr0346852	3
FBtr0346852.1	3
FBtr0332739.1	96
FBtr0332739	96
FBtr0332739.2	4
FBtr0347101	160
FBtr0347101.1	160
FBtr0347102	33
FBtr0347102.1	33
FBtr0332741	2321
FBtr0332741.1	2321
FBtr0332740.1	2321
FBtr0332740	2321
FBtr0332740.2	4
FBtr0346559	4
FBtr0346559.1	4
FBtr0340663	457
FBtr0340663.1	457
FBtr0340664	457
FBtr0340664.1	457
FBtr0346416	40
FBtr0346416.1	40
FBtr0344957.1	22
FBtr0344957	22
FBtr0344957.2	126
FBtr0344957.3	49
FBtr0344957.4	6
FBtr0346560	41
FBtr0346560.1	41
FBtr0340642.1	120
FBtr0340642	120
FBtr0344298.1	6
FBtr0340642.2	6
FBtr0344298	6
FBtr0340643	6
FBtr0340643.1	6
FBtr0344298.2	2
FBtr0346562	53
FBtr0346562.1	53
FBtr0340645	29
FBtr0340645.1	29
FBtr0346853	2
FBtr0346853.1	2
FBtr0345042.1	22
FBtr0345042	22
FBtr0345042.2	3
FBtr0344586	691
FBtr0344586.1	691
FBtr0345907	1702
FBtr0345907.1	1702
FBtr0479726.1	830
FBtr0479728.1	830
FBtr0347134	830
FBtr0347134.1	830
FBtr0479725	830
FBtr0479725.1	830
FBtr0347135	830
FBtr0347135.1	830
FBtr0479726	830
FBtr0479728	830
FBtr0479727	2
FBtr0479727.1	2
FBtr0479726.2	14
FBtr0479728.2	382
FBtr0344809	493
FBtr0344809.1	493
FBtr0347096	96
FBtr0347096.1	96
FBtr0345398	223
FBtr0345398.1	223
FBtr0345399	2
FBtr0345399.1	2
FBtr0345864	43
FBtr0345864.1	43
FBtr0345860	9
FBtr0345860.1	9
FBtr0076899.1	7
FBtr0076899	7
FBtr0076899.2	12
FBtr0076899.3	7
FBtr0345855	9
FBtr0345855.1	9
FBtr0345856	9
FBtr0345856.1	9
FBtr0309297.1	781
FBtr0309296.1	781
FBtr0309296	781
FBtr0309297	781
FBtr0309297.2	1350
FBtr0309296.2	1350
FBtr0309296.3	192
FBtr0309297.3	192
FBtr0346855	23
FBtr0346855.1	23
FBtr0346844	7
FBtr0346844.1	7
FBtr0346843	44
FBtr0346843.1	44
FBtr0091959	5947
FBtr0091959.1	5947
FBtr0346915	10
FBtr0346915.1	10
FBtr0346916	1
FBtr0346916.1	1
FBtr0346917	22
FBtr0346917.1	22
FBtr0346918	9
FBtr0346918.1	9
FBtr0333623.1	5
FBtr0333623	5
FBtr0333623.2	8
FBtr0333110	115
FBtr0333110.1	115
FBtr0340661	4688
FBtr0340661.1	4688
FBtr0333906.1	108
FBtr0333906	108
FBtr0333906.2	9
FBtr0345853	783
FBtr0345853.1	783
FBtr0344963.1	44
FBtr0344962.1	44
FBtr0344962	44
FBtr0344963	44
FBtr0344963.2	5
FBtr0344962.2	4
FBtr0344963.3	4
FBtr0347578.1	11
FBtr0347578	11
FBtr0347578.2	3
FBtr0346940	140
FBtr0346940.1	140
FBtr0346920	1551
FBtr0346920.1	1551
FBtr0346921	10670
FBtr0346921.1	10670
FBtr0346825	26
FBtr0346825.1	26
FBtr0344820.1	170
FBtr0344820	170
FBtr0344820.2	2
FBtr0091797	1865
FBtr0091797.1	1865
FBtr0339804.1	148
FBtr0339804	148
FBtr0339804.2	5
FBtr0345852	2
FBtr0345852.1	2
FBtr0345851	138
FBtr0345851.1	138
FBtr0346941	1
FBtr0346941.1	1
FBtr0346942	3
FBtr0346942.1	3
FBtr0346943	166
FBtr0346943.1	166
FBtr0340688.1	2
FBtr0340688	2
FBtr0340688.2	17
FBtr0340689	3
FBtr0340689.1	3
FBtr0345847	10
FBtr0345847.1	10
FBtr0340690	26
FBtr0340690.1	26
FBtr0345402	9363
FBtr0345402.1	9363
FBtr0347128.1	5013
FBtr0347128	5013
FBtr0347129.1	2985
FBtr0347129	2985
FBtr0347128.2	30
FBtr0347129.2	30
FBtr0347136.1	38116
FBtr0347137.1	38116
FBtr0347136	38116
FBtr0347137	38116
FBtr0347137.2	562
FBtr0347138.1	12999
FBtr0347138	12999
FBtr0347139.1	8838
FBtr0347139	8838
FBtr0347136.2	87
FBtr0347137.3	87
FBtr0347138.2	87
FBtr0347139.2	87
FBtr0347136.3	46
FBtr0347137.4	46
FBtr0347138.3	46
FBtr0347139.3	46
FBtr0347140	36914
FBtr0347140.1	36914
FBtr0345405	10
FBtr0345405.1	10
FBtr0340694.1	221
FBtr0340694	221
FBtr0340694.2	2
FBtr0340695	99
FBtr0340695.1	99
FBtr0340696	142
FBtr0340696.1	142
FBtr0347525	5
FBtr0347525.1	5
FBtr0347526	2
FBtr0347526.1	2
FBtr0345406	2
FBtr0345406.1	2
FBtr0345407	20
FBtr0345407.1	20
FBtr0345408	97
FBtr0345408.1	97
FBtr0345409	97
FBtr0345409.1	97
FBtr0345410	55
FBtr0345410.1	55
FBtr0340697.1	362
FBtr0340697	362
FBtr0340697.2	75
FBtr0344817.1	14
FBtr0344817	14
FBtr0344817.2	4
FBtr0342862	4
FBtr0342862.1	4
FBtr0342863	4
FBtr0342863.1	4
FBtr0342864	53
FBtr0342864.1	53
FBtr0345848	7
FBtr0345848.1	7
FBtr0339927	3
FBtr0339927.1	3
FBtr0347536	6
FBtr0347536.1	6
FBtr0343035	2
FBtr0343035.1	2
FBtr0345411	4049
FBtr0345411.1	4049
FBtr0344308	32
FBtr0344308.1	32
FBtr0339929	30
FBtr0339929.1	30
FBtr0340698	27
FBtr0340698.1	27
FBtr0475139	14
FBtr0475139.1	14
FBtr0346935	2
FBtr0346935.1	2
FBtr0346936	3
FBtr0346936.1	3
FBtr0346937	878
FBtr0346937.1	878
FBtr0346938	5
FBtr0346938.1	5
FBtr0332763	99999
FBtr0332763.1	99999
FBtr0309979.1	6
FBtr0309979	6
FBtr0309979.2	2
FBtr0334107	6298
FBtr0334107.1	6298
FBtr0340700.1	1
FBtr0340700	1
FBtr0340700.2	2
FBtr0345915	6
FBtr0345915.1	6
FBtr0346846	34
FBtr0346846.1	34
FBtr0346431	851
FBtr0346431.1	851
FBtr0346432	14
FBtr0346432.1	14
FBtr0332780.1	52
FBtr0332781.1	52
FBtr0332780	52
FBtr0332781	52
FBtr0332780.2	7
FBtr0332780.3	5
FBtr0332781.2	5
FBtr0332780.4	7
FBtr0332781.3	7
FBtr0309823.1	32
FBtr0309823	32
FBtr0309822.1	81
FBtr0309822	81
FBtr0309823.2	1
FBtr0309822.2	1
FBtr0344477.1	8759
FBtr0344478.1	8759
FBtr0344478	8759
FBtr0344477	8759
FBtr0344478.2	5
FBtr0344477.2	5
FBtr0344478.3	3
FBtr0344477.3	3
FBtr0344477.4	76
FBtr0344478.4	76
FBtr0344477.5	3
FBtr0344478.5	3
FBtr0344477.6	2
FBtr0344478.6	2
FBtr0344478.7	4
FBtr0344477.7	4
FBtr0340703	2
FBtr0340703.1	2
FBtr0340702	792
FBtr0340702.1	792
FBtr0346568	4
FBtr0346568.1	4
FBtr0344583.1	15
FBtr0344583	15
FBtr0344583.2	2
FBtr0344571.1	275
FBtr0344572.1	275
FBtr0344571	275
FBtr0344572	275
FBtr0344571.2	124
FBtr0344572.2	124
FBtr0345413	45
FBtr0345413.1	45
FBtr0345414	22
FBtr0345414.1	22
FBtr0333128	63
FBtr0333128.1	63
FBtr0340711	61
FBtr0340711.1	61
FBtr0345055.1	140
FBtr0345055	140
FBtr0345055.2	3
FBtr0344818	3
FBtr0344818.1	3
FBtr0392915	772
FBtr0392915.1	772
FBtr0392916	772
FBtr0392916.1	772
FBtr0340715.1	608
FBtr0340715	608
FBtr0340715.2	8
FBtr0340715.3	2
FBtr0347205.1	15
FBtr0347205	15
FBtr0347205.2	4
FBtr0343631.1	9523
FBtr0343631	9523
FBtr0343631.2	15
FBtr0342827.1	3
FBtr0342827	3
FBtr0342827.2	1
FBtr0347095	6
FBtr0347095.1	6
FBtr0345844	26
FBtr0345844.1	26
FBtr0345838	30
FBtr0345838.1	30
FBtr0340717	38
FBtr0340717.1	38
FBtr0347508.1	6
FBtr0347508	6
FBtr0347508.2	1
FBtr0344641.1	84
FBtr0344641	84
FBtr0344641.2	3
FBtr0334106.1	6
FBtr0334106	6
FBtr0334106.2	2
FBtr0309981	25
FBtr0309981.1	25
FBtr0345836	5
FBtr0345836.1	5
FBtr0345837	3
FBtr0345837.1	3
FBtr0347094	133
FBtr0347094.1	133
FBtr0345400	2
FBtr0345400.1	2
FBtr0347475.1	32
FBtr0347475	32
FBtr0347475.2	5
FBtr0345917	4
FBtr0345917.1	4
FBtr0347119.1	168
FBtr0347120.1	168
FBtr0347119	168
FBtr0347120	168
FBtr0347119.2	6
FBtr0347120.2	6
FBtr0347119.3	50
FBtr0347120.3	50
FBtr0347120.4	25
FBtr0347119.4	3
FBtr0347120.5	3
FBtr0346930	44
FBtr0346930.1	44
FBtr0333615.1	1407
FBtr0333615	1407
FBtr0333615.2	5
FBtr0346600	15
FBtr0346600.1	15
FBtr0344761	404
FBtr0344761.1	404
FBtr0346929	131
FBtr0346929.1	131
FBtr0308930.1	76
FBtr0308930	76
FBtr0308930.2	2
FBtr0346395	11
FBtr0346395.1	11
FBtr0346926.1	663
FBtr0346926	663
FBtr0346926.2	36
FBtr0346926.3	3
FBtr0346925	4
FBtr0346925.1	4
FBtr0347207	10
FBtr0347207.1	10
FBtr0345056.1	1
FBtr0345057.1	1
FBtr0345056	1
FBtr0345057	1
FBtr0345056.2	7
FBtr0345057.2	1
FBtr0346966	3
FBtr0346966.1	3
FBtr0309067.1	51
FBtr0309067	51
FBtr0309067.2	1
FBtr0332783.1	6531
FBtr0332783	6531
FBtr0332784	82
FBtr0332784.1	82
FBtr0332783.2	6
FBtr0340718	7
FBtr0340718.1	7
FBtr0346435	7
FBtr0346435.1	7
FBtr0340720.1	1327
FBtr0340720	1327
FBtr0340720.2	7
FBtr0340721	4
FBtr0340721.1	4
FBtr0347093	13
FBtr0347093.1	13
FBtr0345052.1	3
FBtr0345052	3
FBtr0345052.2	372
FBtr0347237.1	176
FBtr0347291.1	176
FBtr0347291	176
FBtr0347237	176
FBtr0347291.2	2
FBtr0347237.2	1
FBtr0345833	302
FBtr0345833.1	302
FBtr0345394	424
FBtr0345394.1	424
FBtr0347042	3
FBtr0347042.1	3
FBtr0347043	17
FBtr0347043.1	17
FBtr0306840.1	603
FBtr0306840	603
FBtr0306840.2	25
FBtr0306840.3	2
FBtr0347091	108
FBtr0347091.1	108
FBtr0306721.1	94
FBtr0345002.1	94
FBtr0306721	94
FBtr0345002	94
FBtr0345002.2	12
FBtr0306721.2	12
FBtr0345002.3	3
FBtr0342751	97
FBtr0342751.1	97
FBtr0342752.1	62
FBtr0342752	62
FBtr0342753	62
FBtr0342753.1	62
FBtr0342752.2	4
FBtr0345886	39
FBtr0345886.1	39
FBtr0345831	2
FBtr0345831.1	2
FBtr0345832	19
FBtr0345832.1	19
FBtr0342755.1	12
FBtr0342754.1	12
FBtr0345003.1	12
FBtr0342754	12
FBtr0342755	12
FBtr0345003	12
FBtr0342754.2	2
FBtr0342755.2	2
FBtr0345003.2	2
FBtr0334051	34
FBtr0334051.1	34
FBtr0307116.1	1643
FBtr0307116	1643
FBtr0307116.2	6
FBtr0307116.3	30
FBtr0346910.1	22415
FBtr0346910	22415
FBtr0345829	4
FBtr0345829.1	4
FBtr0346910.2	7
FBtr0346439	5
FBtr0346439.1	5
FBtr0342756	99
FBtr0342756.1	99
FBtr0345828	3
FBtr0345828.1	3
FBtr0332794	33
FBtr0332794.1	33
FBtr0479692.1	11
FBtr0479691.1	11
FBtr0479691	11
FBtr0479693.1	11
FBtr0479693	11
FBtr0479692	11
FBtr0479692.2	3
FBtr0479691.2	4
FBtr0347511.1	160
FBtr0347511	160
FBtr0347511.2	4
FBtr0479693.2	4
FBtr0479692.3	2
FBtr0345237	1151
FBtr0345237.1	1151
FBtr0333868.1	14
FBtr0333868	14
FBtr0333868.2	5
FBtr0345885	92
FBtr0345885.1	92
FBtr0347229	40
FBtr0347229.1	40
FBtr0332757.1	58
FBtr0332757	58
FBtr0332757.2	10
FBtr0346990	63558
FBtr0346990.1	63558
FBtr0345884	1565
FBtr0345884.1	1565
FBtr0332770.1	29
FBtr0332770	29
FBtr0332770.2	208
FBtr0346408	1
FBtr0346408.1	1
FBtr0344959.1	7
FBtr0344958	7
FBtr0344958.1	7
FBtr0344959	7
FBtr0344959.2	17
FBtr0342761	16
FBtr0342761.1	16
FBtr0347050	196
FBtr0347050.1	196
FBtr0332774.1	515
FBtr0332774	515
FBtr0332774.2	24
FBtr0347090.1	3780
FBtr0347089	3780
FBtr0347089.1	3780
FBtr0347090	3780
FBtr0347090.2	14
FBtr0345053	3
FBtr0345053.1	3
FBtr0333480	5
FBtr0333480.1	5
FBtr0300233.1	42106
FBtr0300233	42106
FBtr0300233.2	6
FBtr0300233.3	12
FBtr0300233.4	4
FBtr0300233.5	16
FBtr0452190	2
FBtr0452190.1	2
FBtr0342776	51
FBtr0342776.1	51
FBtr0342777	147
FBtr0342777.1	147
FBtr0342778	4
FBtr0342778.1	4
FBtr0342779.1	21
FBtr0342779	21
FBtr0342779.2	1
FBtr0479976.1	7845
FBtr0479974.1	7845
FBtr0479975.1	7845
FBtr0479974	7845
FBtr0479976	7845
FBtr0479975	7845
FBtr0479976.2	3
FBtr0479974.2	8
FBtr0479975.2	4
FBtr0345825	20
FBtr0345825.1	20
FBtr0346552	4
FBtr0346552.1	4
FBtr0346553	8
FBtr0346553.1	8
FBtr0347052	56
FBtr0347052.1	56
FBtr0347053	1808
FBtr0347053.1	1808
FBtr0347054.1	60
FBtr0347054	60
FBtr0347054.2	4
FBtr0344961.1	31
FBtr0344961	31
FBtr0344961.2	3
FBtr0345882	234
FBtr0345882.1	234
FBtr0347571.1	8
FBtr0347571	8
FBtr0347571.2	2
FBtr0347571.3	6
FBtr0347056	34
FBtr0347056.1	34
FBtr0347057	5
FBtr0347057.1	5
FBtr0344984.1	41
FBtr0344984	41
FBtr0344642.1	4326
FBtr0344642	4326
FBtr0344642.2	581
FBtr0344984.2	581
FBtr0332793.1	3
FBtr0332793	3
FBtr0332793.2	4
FBtr0333469	2456
FBtr0333469.1	2456
FBtr0333965	74
FBtr0333965.1	74
FBtr0333966	148
FBtr0333966.1	148
FBtr0333968	21
FBtr0333968.1	21
FBtr0332767	3684
FBtr0332767.1	3684
FBtr0347070	17
FBtr0347070.1	17
FBtr0346603	6
FBtr0346603.1	6
FBtr0342763	14
FBtr0342763.1	14
FBtr0334112	4684
FBtr0334112.1	4684
FBtr0445724.1	12
FBtr0445724	12
FBtr0445724.2	34
FBtr0347087	11
FBtr0347087.1	11
FBtr0473386	110
FBtr0473386.1	110
FBtr0347075	248
FBtr0347075.1	248
FBtr0347076	2
FBtr0347076.1	2
FBtr0345880	88
FBtr0345880.1	88
FBtr0345879	247
FBtr0345879.1	247
FBtr0347080	6
FBtr0347080.1	6
FBtr0345823	3
FBtr0345823.1	3
FBtr0344965.1	21
FBtr0344965	21
FBtr0344965.2	19
FBtr0344965.3	18
FBtr0347074	36
FBtr0347074.1	36
FBtr0346388	54
FBtr0346388.1	54
FBtr0346387	2
FBtr0346387.1	2
FBtr0308779.1	293
FBtr0308779	293
FBtr0308780.1	29
FBtr0308780	29
FBtr0308780.2	80
FBtr0308779.2	80
FBtr0347084	1346
FBtr0347084.1	1346
FBtr0342774	28
FBtr0342774.1	28
FBtr0346394	136
FBtr0346394.1	136
FBtr0346604	4573
FBtr0346604.1	4573
FBtr0344964.1	31
FBtr0344964	31
FBtr0344964.2	95
FBtr0344964.3	3
FBtr0346554	
FBtr0346554.1	
FBtr0333470.1	378
FBtr0333470	378
FBtr0333470.2	6
FBtr0345126.1	
FBtr0345126	
FBtr0345126.2	102
FBtr0345126.3	2
FBtr0345062.1	51
FBtr0345063.1	51
FBtr0345062	51
FBtr0345063	51
FBtr0345062.2	19
FBtr0345063.2	19
FBtr0345062.3	19
FBtr0345063.3	3
FBtr0347582.1	347
FBtr0347582	347
FBtr0347582.2	1
FBtr0475215	1
FBtr0475215.1	1
FBtr0347385	36
FBtr0347385.1	36
FBtr0343890	4
FBtr0343890.1	4
FBtr0347384.1	29
FBtr0347384	29
FBtr0347384.2	19
FBtr0347124.1	731
FBtr0347125.1	731
FBtr0347125	731
FBtr0347124	731
FBtr0347124.2	32
FBtr0347125.2	16
FBtr0347125.3	46
FBtr0347124.3	46
FBtr0335428	70
FBtr0335428.1	70
FBtr0345149.1	1476
FBtr0345149	1476
FBtr0345149.2	420
FBtr0345148.1	420
FBtr0345148	420
FBtr0309986.1	5189
FBtr0309986	5189
FBtr0309986.2	40
FBtr0345148.2	40
FBtr0345149.3	40
FBtr0445669.1	203
FBtr0445669	203
FBtr0445669.2	3
FBtr0346413	6
FBtr0346413.1	6
FBtr0336463	27
FBtr0336463.1	27
FBtr0347382	278
FBtr0347382.1	278
FBtr0346254	36
FBtr0346254.1	36
FBtr0345154.1	62
FBtr0345154	62
FBtr0345154.2	4
FBtr0309311.1	6
FBtr0309311	6
FBtr0309311.2	3
FBtr0346249.1	45
FBtr0346249	45
FBtr0346249.2	3
FBtr0472592.1	29
FBtr0472592	29
FBtr0472591.1	68
FBtr0472591	68
FBtr0472591.2	9
FBtr0472592.2	9
FBtr0335001.1	214
FBtr0335001	214
FBtr0335001.2	2
FBtr0347381	893
FBtr0347381.1	893
FBtr0344302.1	296
FBtr0473372.1	296
FBtr0309985.1	296
FBtr0309985	296
FBtr0344302	296
FBtr0473372	296
FBtr0309985.2	51
FBtr0344302.2	51
FBtr0473372.2	51
FBtr0473372.3	8
FBtr0344302.3	8
FBtr0309985.3	8
FBtr0473372.4	7
FBtr0334945.1	1897
FBtr0334945	1897
FBtr0334945.2	4
FBtr0334945.3	6734
FBtr0343892	76
FBtr0343892.1	76
FBtr0347378	17
FBtr0347378.1	17
FBtr0346724	31
FBtr0346724.1	31
FBtr0346725	61
FBtr0346725.1	61
FBtr0343893	14
FBtr0343893.1	14
FBtr0343894	19
FBtr0343894.1	19
FBtr0452184	1
FBtr0452184.1	1
FBtr0343895	63
FBtr0343895.1	63
FBtr0347376	64
FBtr0347376.1	64
FBtr0347377	48
FBtr0347377.1	48
FBtr0343900	7
FBtr0343900.1	7
FBtr0303008.1	3586
FBtr0309069.1	3586
FBtr0309069	3586
FBtr0303008	3586
FBtr0309069.2	5
FBtr0303008.2	8
FBtr0303008.3	138
FBtr0346989	4
FBtr0346989.1	4
FBtr0081624	63
FBtr0081624.1	63
FBtr0346971	5
FBtr0346971.1	5
FBtr0346970	16
FBtr0346970.1	16
FBtr0346972	21
FBtr0346972.1	21
FBtr0346973	1
FBtr0346973.1	1
FBtr0346969	2
FBtr0346969.1	2
FBtr0343903.1	388
FBtr0343903	388
FBtr0343903.2	4
FBtr0346978	829
FBtr0346978.1	829
FBtr0346977	144
FBtr0346977.1	144
FBtr0303196.1	78
FBtr0303196	78
FBtr0343094	3
FBtr0343094.1	3
FBtr0303196.2	3
FBtr0344485	9
FBtr0344485.1	9
FBtr0347375	141
FBtr0347375.1	141
FBtr0445677.1	92
FBtr0445677	92
FBtr0445677.2	4
FBtr0445677.3	3
FBtr0347519	5
FBtr0347519.1	5
FBtr0339729	169
FBtr0339729.1	169
FBtr0346216	123
FBtr0346216.1	123
FBtr0347372	6
FBtr0347372.1	6
FBtr0347373	4
FBtr0347373.1	4
FBtr0339178.1	12
FBtr0339178	12
FBtr0339178.2	2
FBtr0343905	27
FBtr0343905.1	27
FBtr0347520	14
FBtr0347520.1	14
FBtr0343906	307
FBtr0343906.1	307
FBtr0339721.1	345
FBtr0339721	345
FBtr0339721.2	8
FBtr0339721.3	6
FBtr0306835.1	253
FBtr0306835	253
FBtr0306835.2	2
FBtr0346203.1	7
FBtr0346203	7
FBtr0346203.2	12
FBtr0339608.1	234
FBtr0339609.1	234
FBtr0339608	234
FBtr0339609	234
FBtr0339608.2	6
FBtr0339609.2	6
FBtr0345244	498
FBtr0345244.1	498
FBtr0345243	498
FBtr0345243.1	498
FBtr0347523	4
FBtr0347523.1	4
FBtr0346259	6
FBtr0346259.1	6
FBtr0346260	7
FBtr0346260.1	7
FBtr0347368	230
FBtr0347368.1	230
FBtr0337076	112
FBtr0337076.1	112
FBtr0344598.1	1172
FBtr0344598	1172
FBtr0344597.1	8
FBtr0344597	8
FBtr0344598.2	8
FBtr0344597.2	36
FBtr0344598.3	36
FBtr0475040.1	392
FBtr0475040	392
FBtr0475040.2	222
FBtr0475040.3	55
FBtr0475040.4	153
FBtr0475040.5	332
FBtr0309817.1	1286
FBtr0309817	1286
FBtr0309818.1	154
FBtr0309819.1	154
FBtr0309818	154
FBtr0309819	154
FBtr0309819.2	20
FBtr0309818.2	20
FBtr0309817.2	20
FBtr0345157.1	21
FBtr0345157	21
FBtr0345157.2	3
FBtr0345157.3	17
FBtr0473377	
FBtr0473377.1	
FBtr0347392	40
FBtr0347392.1	40
FBtr0346785	13
FBtr0346785.1	13
FBtr0344594.1	9516
FBtr0344594	9516
FBtr0344594.2	24
FBtr0309196	80018
FBtr0309196.1	80018
FBtr0309197	80018
FBtr0309197.1	80018
FBtr0346908	80018
FBtr0346908.1	80018
FBtr0347272.1	19
FBtr0347272	19
FBtr0347272.2	4
FBtr0347272.3	3
FBtr0347272.4	9
FBtr0343909	14
FBtr0343909.1	14
FBtr0334324.1	46
FBtr0334324	46
FBtr0334324.2	14
FBtr0337078.1	174
FBtr0337078	174
FBtr0337078.2	3
FBtr0344133.1	4
FBtr0344133	4
FBtr0344133.2	364
FBtr0344133.3	1
FBtr0346217	56
FBtr0346217.1	56
FBtr0346255	4
FBtr0346255.1	4
FBtr0344396	96
FBtr0344396.1	96
FBtr0347162	20
FBtr0347162.1	20
FBtr0346253	6
FBtr0346253.1	6
FBtr0344397	490
FBtr0344397.1	490
FBtr0335446.1	95
FBtr0335446	95
FBtr0335446.2	3
FBtr0335446.3	3
FBtr0347165	257
FBtr0347165.1	257
FBtr0346237	205
FBtr0346237.1	205
FBtr0347166	51
FBtr0347166.1	51
FBtr0309310.1	11
FBtr0309310	11
FBtr0309310.2	103
FBtr0334690	40
FBtr0334690.1	40
FBtr0346252	3
FBtr0346252.1	3
FBtr0347167	4
FBtr0347167.1	4
FBtr0334693.1	33
FBtr0334693	33
FBtr0334693.2	1
FBtr0347168	9
FBtr0347168.1	9
FBtr0346250	27
FBtr0346250.1	27
FBtr0346251	11
FBtr0346251.1	11
FBtr0343912.1	4
FBtr0343912	4
FBtr0343912.2	2
FBtr0091921	19
FBtr0091921.1	19
FBtr0347169.1	6
FBtr0347169	6
FBtr0347169.2	4
FBtr0337083.1	57
FBtr0337083	57
FBtr0337083.2	4
FBtr0337084.1	513
FBtr0337085	513
FBtr0337085.1	513
FBtr0337084	513
FBtr0337084.2	3
FBtr0347512	73
FBtr0347512.1	73
FBtr0347513	22
FBtr0347513.1	22
FBtr0344006	1
FBtr0344006.1	1
FBtr0335457	14366
FBtr0335457.1	14366
FBtr0346988	102
FBtr0346988.1	102
FBtr0346245	32
FBtr0346245.1	32
FBtr0452186	4
FBtr0452186.1	4
FBtr0332550	65
FBtr0332550.1	65
FBtr0310042	1800
FBtr0310042.1	1800
FBtr0310043	1032
FBtr0310043.1	1032
FBtr0306832.1	12
FBtr0306832	12
FBtr0306832.2	5
FBtr0309200.1	3234
FBtr0309199.1	3234
FBtr0309198	3234
FBtr0309198.1	3234
FBtr0309199	3234
FBtr0309200	3234
FBtr0309199.2	16
FBtr0309200.2	16
FBtr0347174	5
FBtr0347174.1	5
FBtr0346236	113
FBtr0346236.1	113
FBtr0336795.1	295
FBtr0336795	295
FBtr0336795.2	4
FBtr0347175	7
FBtr0347175.1	7
FBtr0347176	36
FBtr0347176.1	36
FBtr0334954.1	404
FBtr0334954	404
FBtr0334954.2	749
FBtr0347477.1	4
FBtr0347477	4
FBtr0347477.2	2
FBtr0343916	15
FBtr0343916.1	15
FBtr0347273	56
FBtr0347273.1	56
FBtr0332551.1	27
FBtr0332551	27
FBtr0332551.2	6
FBtr0346329	6
FBtr0346329.1	6
FBtr0346330	7
FBtr0346330.1	7
FBtr0335425.1	18465
FBtr0335425	18465
FBtr0335425.2	354
FBtr0346352	104
FBtr0346352.1	104
FBtr0346351	52
FBtr0346351.1	52
FBtr0346355	6
FBtr0346355.1	6
FBtr0346353	5
FBtr0346353.1	5
FBtr0346354	33
FBtr0346354.1	33
FBtr0346359	140
FBtr0346359.1	140
FBtr0346358	974
FBtr0346358.1	974
FBtr0346324	282
FBtr0346324.1	282
FBtr0346325	1620
FBtr0346325.1	1620
FBtr0479721	1620
FBtr0479721.1	1620
FBtr0343917.1	37
FBtr0343917	37
FBtr0343917.2	4
FBtr0346595	122
FBtr0346595.1	122
FBtr0346596	3
FBtr0346596.1	3
FBtr0083362.1	2
FBtr0083363.1	2
FBtr0083363	2
FBtr0083362	2
FBtr0345273.1	10656
FBtr0345274.1	10656
FBtr0345273	10656
FBtr0345274	10656
FBtr0083362.2	5
FBtr0083363.2	5
FBtr0345273.2	5
FBtr0345274.2	5
FBtr0083363.3	4
FBtr0083362.3	4
FBtr0345273.3	4
FBtr0309896.1	957
FBtr0309896	957
FBtr0309896.2	4
FBtr0415462.1	1020
FBtr0415462	1020
FBtr0415462.2	3
FBtr0345307.1	3300
FBtr0345307	3300
FBtr0345307.2	188
FBtr0345307.3	
FBtr0309517	1
FBtr0309517.1	1
FBtr0347259	16
FBtr0347259.1	16
FBtr0347260	81
FBtr0347260.1	81
FBtr0345308.1	5
FBtr0345308	5
FBtr0345309.1	2
FBtr0345309	2
FBtr0345308.2	2
FBtr0345309.2	2
FBtr0345308.3	3
FBtr0345309.3	3
FBtr0345308.4	4
FBtr0345309.4	4
FBtr0347243	11
FBtr0347243.1	11
FBtr0347244	1205
FBtr0347244.1	1205
FBtr0344670	85
FBtr0344670.1	85
FBtr0346328	306
FBtr0346328.1	306
FBtr0445667	47
FBtr0445667.1	47
FBtr0343918	6
FBtr0343918.1	6
FBtr0392914	20
FBtr0392914.1	20
FBtr0347247	31
FBtr0347247.1	31
FBtr0335018.1	99
FBtr0335018	99
FBtr0335018.2	19
FBtr0347245.1	211
FBtr0347245	211
FBtr0347245.2	20
FBtr0475044.1	1738
FBtr0475044	1738
FBtr0475044.2	3
FBtr0309184	73
FBtr0309184.1	73
FBtr0306319.1	23
FBtr0306320.1	23
FBtr0306319	23
FBtr0306320	23
FBtr0306320.2	23
FBtr0306319.2	23
FBtr0306320.3	52
FBtr0344355	1071
FBtr0344355.1	1071
FBtr0347246	591
FBtr0347246.1	591
FBtr0346803	460
FBtr0346803.1	460
FBtr0344244.1	25
FBtr0344244	25
FBtr0344244.2	2
FBtr0340193	8
FBtr0340193.1	8
FBtr0347251	85
FBtr0347251.1	85
FBtr0344246.1	9
FBtr0344246	9
FBtr0344246.2	1
FBtr0309185	1179
FBtr0309185.1	1179
FBtr0334721.1	367
FBtr0334722.1	367
FBtr0334722	367
FBtr0334721	367
FBtr0334722.2	4
FBtr0334721.2	53
FBtr0344303.1	7
FBtr0335017.1	7
FBtr0335017	7
FBtr0344303	7
FBtr0344303.2	7
FBtr0335017.2	3
FBtr0344303.3	3
FBtr0344590.1	527
FBtr0344590	527
FBtr0344591.1	630
FBtr0344592.1	630
FBtr0344591	630
FBtr0344592	630
FBtr0344590.2	12
FBtr0344592.2	12
FBtr0344591.2	9
FBtr0346800.1	14
FBtr0346800	14
FBtr0346800.2	33
FBtr0309958.1	345
FBtr0309958	345
FBtr0084057.1	99999
FBtr0334316.1	99999
FBtr0084057	99999
FBtr0084059	99999
FBtr0084059.1	99999
FBtr0346801	99999
FBtr0346801.1	99999
FBtr0084058	99999
FBtr0084058.1	99999
FBtr0334316	99999
FBtr0332373	99999
FBtr0332373.1	99999
FBtr0084057.2	196
FBtr0309958.2	196
FBtr0334316.2	196
FBtr0309186	22
FBtr0309186.1	22
FBtr0334665	64
FBtr0334665.1	64
FBtr0310107.1	1156
FBtr0310107	1156
FBtr0310107.2	7
FBtr0347262.1	9
FBtr0347262	9
FBtr0347262.2	58
FBtr0347263	3508
FBtr0347263.1	3508
FBtr0347264	36
FBtr0347264.1	36
FBtr0334962.1	207
FBtr0345276.1	207
FBtr0334962	207
FBtr0345276	207
FBtr0334962.2	2
FBtr0345276.2	2
FBtr0346326	213
FBtr0346326.1	213
FBtr0334878.1	105
FBtr0334878	105
FBtr0334878.2	4
FBtr0347593.1	32
FBtr0347593	32
FBtr0347593.2	4
FBtr0347261	35
FBtr0347261.1	35
FBtr0346362.1	112
FBtr0346362	112
FBtr0346362.2	10
FBtr0346363	24
FBtr0346363.1	24
FBtr0309305	175
FBtr0309305.1	175
FBtr0309306	703
FBtr0309306.1	703
FBtr0346364	33
FBtr0346364.1	33
FBtr0347321	20
FBtr0347321.1	20
FBtr0309187	97
FBtr0309187.1	97
FBtr0337068	61
FBtr0337068.1	61
FBtr0347322	8
FBtr0347322.1	8
FBtr0307594	14
FBtr0307594.1	14
FBtr0339620	127
FBtr0339620.1	127
FBtr0479945.1	4
FBtr0479945	4
FBtr0479946.1	1
FBtr0479946	1
FBtr0479946.2	2
FBtr0479945.2	2
FBtr0479945.3	2
FBtr0479946.3	2
FBtr0332937	3616
FBtr0332937.1	3616
FBtr0347325	64
FBtr0347325.1	64
FBtr0308922	41
FBtr0308922.1	41
FBtr0308923	41
FBtr0308923.1	41
FBtr0343102.1	7045
FBtr0334963.1	7045
FBtr0334963	7045
FBtr0343102	7045
FBtr0334963.2	26
FBtr0343102.2	26
FBtr0334944	119
FBtr0334944.1	119
FBtr0309188	4
FBtr0309188.1	4
FBtr0347327	5
FBtr0347327.1	5
FBtr0347328	74
FBtr0347328.1	74
FBtr0347329	36
FBtr0347329.1	36
FBtr0345245.1	7
FBtr0345245	7
FBtr0345245.2	4
FBtr0339230	478
FBtr0339230.1	478
FBtr0347331	38
FBtr0347331.1	38
FBtr0479957.1	2
FBtr0479956	2
FBtr0479956.1	2
FBtr0479957	2
FBtr0479957.2	1
FBtr0347332	14
FBtr0347332.1	14
FBtr0309190.1	95
FBtr0309190	95
FBtr0309190.2	3
FBtr0346368	269
FBtr0346368.1	269
FBtr0346991	7
FBtr0346991.1	7
FBtr0347334	30
FBtr0347334.1	30
FBtr0347335	133
FBtr0347335.1	133
FBtr0309987	1333
FBtr0309987.1	1333
FBtr0346369	110
FBtr0346369.1	110
FBtr0346370	2
FBtr0346370.1	2
FBtr0346371	2
FBtr0346371.1	2
FBtr0346372	314
FBtr0346372.1	314
FBtr0346373	6
FBtr0346373.1	6
FBtr0308933.1	1
FBtr0308933	1
FBtr0308933.2	3
FBtr0344309.1	9
FBtr0344309	9
FBtr0344309.2	89
FBtr0344310	351
FBtr0344310.1	351
FBtr0344311	4
FBtr0344311.1	4
FBtr0339611.1	1175
FBtr0339611	1175
FBtr0339611.2	13
FBtr0339611.3	15
FBtr0347308.1	14
FBtr0347496.1	14
FBtr0347308	14
FBtr0347496	14
FBtr0347308.2	12
FBtr0347496.2	12
FBtr0347308.3	2
FBtr0347309	2
FBtr0347309.1	2
FBtr0347496.3	5
FBtr0339613.1	53
FBtr0339613	53
FBtr0339613.2	11
FBtr0085007.1	527
FBtr0085007	527
FBtr0085007.2	2
FBtr0085007.3	3
FBtr0309068	62
FBtr0309068.1	62
FBtr0345330.1	3
FBtr0345329.1	3
FBtr0345329	3
FBtr0345330	3
FBtr0345329.2	53
FBtr0345330.2	53
FBtr0343923.1	2
FBtr0343923	2
FBtr0343923.2	2
FBtr0346783.1	32
FBtr0346783	32
FBtr0346783.2	4
FBtr0346218	173
FBtr0346218.1	173
FBtr0445673.1	879
FBtr0445673	879
FBtr0445672	879
FBtr0445672.1	879
FBtr0445673.2	5
FBtr0347310	69
FBtr0347310.1	69
FBtr0345236	312
FBtr0345236.1	312
FBtr0347318	2950
FBtr0347318.1	2950
FBtr0334727.1	72
FBtr0334727	72
FBtr0334727.2	27
FBtr0339323	809
FBtr0339323.1	809
FBtr0347121.1	15
FBtr0347121	15
FBtr0347121.2	3
FBtr0339324	4
FBtr0339324.1	4
FBtr0452187	34
FBtr0452187.1	34
FBtr0347311	106
FBtr0347311.1	106
FBtr0347312	249
FBtr0347312.1	249
FBtr0347337.1	429
FBtr0347337	429
FBtr0347337.2	180
FBtr0305123	3655
FBtr0305123.1	3655
FBtr0309075	3655
FBtr0309075.1	3655
FBtr0344587	68
FBtr0344587.1	68
FBtr0343924.1	136
FBtr0343924	136
FBtr0343924.2	27
FBtr0346412	50
FBtr0346412.1	50
FBtr0346223	64
FBtr0346223.1	64
FBtr0344346.1	5
FBtr0344346	5
FBtr0344346.2	6
FBtr0344329	1026
FBtr0344329.1	1026
FBtr0303426.1	41459
FBtr0303427.1	41459
FBtr0085391	41459
FBtr0085391.1	41459
FBtr0303426	41459
FBtr0303427	41459
FBtr0303426.2	186
FBtr0303427.2	186
FBtr0303426.3	29
FBtr0303427.3	29
FBtr0309824.1	2
FBtr0309824	2
FBtr0309824.2	2
FBtr0347341	1021
FBtr0347341.1	1021
FBtr0347345	35
FBtr0347345.1	35
FBtr0334708.1	24
FBtr0334709.1	24
FBtr0334708	24
FBtr0334709	24
FBtr0334709.2	7
FBtr0334708.2	5
FBtr0334709.3	5
FBtr0347346	542
FBtr0347346.1	542
FBtr0347306	84
FBtr0347306.1	84
FBtr0346226	9
FBtr0346226.1	9
FBtr0346206.1	66
FBtr0346206	66
FBtr0346206.2	176
FBtr0346207.1	176
FBtr0346207	176
FBtr0346206.3	3
FBtr0346207.2	3
FBtr0346228	3
FBtr0346228.1	3
FBtr0346227	166
FBtr0346227.1	166
FBtr0347532	7
FBtr0347532.1	7
FBtr0345125.1	207
FBtr0345125	207
FBtr0345125.2	3
FBtr0345125.3	2
FBtr0347349.1	34
FBtr0347350.1	34
FBtr0445387.1	34
FBtr0347350	34
FBtr0347349	34
FBtr0445387	34
FBtr0347349.2	3
FBtr0347350.2	3
FBtr0445387.2	3
FBtr0347350.3	1
FBtr0347349.3	8
FBtr0445387.3	2
FBtr0347514.1	8
FBtr0347514	8
FBtr0347514.2	4
FBtr0334697	107
FBtr0334697.1	107
FBtr0347351	41
FBtr0347351.1	41
FBtr0347487	128
FBtr0347487.1	128
FBtr0309192.1	35
FBtr0309192	35
FBtr0309193	35
FBtr0309193.1	35
FBtr0309192.2	5
FBtr0347353	86
FBtr0347353.1	86
FBtr0346210	3
FBtr0346210.1	3
FBtr0346211	41
FBtr0346211.1	41
FBtr0346229	2
FBtr0346229.1	2
FBtr0347355	11
FBtr0347355.1	11
FBtr0308935.1	184
FBtr0308935	184
FBtr0308935.2	43
FBtr0339187.1	35
FBtr0339187	35
FBtr0339186	33
FBtr0339186.1	33
FBtr0339187.2	33
FBtr0091956.1	8
FBtr0091956	8
FBtr0091956.2	5
FBtr0346212	260
FBtr0346212.1	260
FBtr0344900.1	12
FBtr0344900	12
FBtr0344900.2	11
FBtr0340499.1	1817
FBtr0340499	1817
FBtr0340499.2	25
FBtr0333704.1	362
FBtr0333705.1	362
FBtr0333704	362
FBtr0333705	362
FBtr0333704.2	81
FBtr0333705.2	81
FBtr0333704.3	2504
FBtr0333705.3	2504
FBtr0333704.4	3
FBtr0333705.4	7
FBtr0345198.1	38
FBtr0345198	38
FBtr0345198.2	25
FBtr0340500	33
FBtr0340500.1	33
FBtr0334476	6
FBtr0334476.1	6
FBtr0344901.1	172
FBtr0344901	172
FBtr0344901.2	2
FBtr0334480	228
FBtr0334480.1	228
FBtr0309072	202
FBtr0309072.1	202
FBtr0334481.1	13146
FBtr0334481	13146
FBtr0334481.2	7
FBtr0344902.1	419
FBtr0344902	419
FBtr0344902.2	964
FBtr0344899	24
FBtr0344899.1	24
FBtr0308778.1	362
FBtr0308778	362
FBtr0308778.2	204
FBtr0344970	10788
FBtr0344970.1	10788
FBtr0334490	8
FBtr0334490.1	8
FBtr0334621.1	466
FBtr0334620.1	466
FBtr0344192.1	466
FBtr0334620	466
FBtr0334621	466
FBtr0344192	466
FBtr0334620.2	4
FBtr0344192.2	4
FBtr0344192.3	4
FBtr0334620.3	4
FBtr0334621.2	4
FBtr0111044.1	11
FBtr0111046	11
FBtr0111046.1	11
FBtr0111045.1	11
FBtr0111044	11
FBtr0111045	11
FBtr0111044.2	99999
FBtr0111045.2	99999
FBtr0334622	99999
FBtr0334622.1	99999
FBtr0334623.1	554
FBtr0334623	554
FBtr0334624.1	902
FBtr0334624	902
FBtr0334623.2	171
FBtr0334624.2	171
FBtr0307364	2
FBtr0307364.1	2
FBtr0332991.1	39
FBtr0332991	39
FBtr0332991.2	7
FBtr0308360.1	2391
FBtr0308355.1	2391
FBtr0308356.1	2391
FBtr0308357.1	2391
FBtr0308358.1	2391
FBtr0308359.1	2391
FBtr0308355	2391
FBtr0308356	2391
FBtr0308357	2391
FBtr0308358	2391
FBtr0308359	2391
FBtr0308360	2391
FBtr0303213.1	214
FBtr0303213	214
FBtr0308354.1	214
FBtr0308354	214
FBtr0308360.2	2
FBtr0308355.2	2
FBtr0308356.2	12
FBtr0303213.2	1
FBtr0308354.2	1
FBtr0308355.3	1
FBtr0308356.3	1
FBtr0308359.2	1
FBtr0308360.3	1
FBtr0308359.3	2
FBtr0303213.3	2
FBtr0308358.2	2
FBtr0308354.3	2
FBtr0308355.4	2
FBtr0308356.4	2
FBtr0308357.2	2
FBtr0308360.4	2
FBtr0342968	166
FBtr0342968.1	166
FBtr0342967	166
FBtr0342967.1	166
FBtr0342969	18
FBtr0342969.1	18
FBtr0345998	84
FBtr0345998.1	84
FBtr0345999	303
FBtr0345999.1	303
FBtr0343979	30
FBtr0343979.1	30
FBtr0343980	488
FBtr0343980.1	488
FBtr0343175.1	1328
FBtr0343176.1	1328
FBtr0343177.1	1328
FBtr0343175	1328
FBtr0343176	1328
FBtr0343177	1328
FBtr0343177.2	3
FBtr0343177.3	4
FBtr0343175.2	7
FBtr0343175.3	22
FBtr0343176.2	22
FBtr0347551	8
FBtr0347551.1	8
FBtr0347023	1367
FBtr0347023.1	1367
FBtr0332584.1	427
FBtr0344829.1	427
FBtr0332584	427
FBtr0344829	427
FBtr0332584.2	3
FBtr0344829.2	3
FBtr0346008	408
FBtr0346008.1	408
FBtr0343802.1	3
FBtr0343802	3
FBtr0343802.2	3
FBtr0340110.1	7110
FBtr0340110	7110
FBtr0340110.2	39
FBtr0340111	10
FBtr0340111.1	10
FBtr0346009	4
FBtr0346009.1	4
FBtr0346010	338
FBtr0346010.1	338
FBtr0308931.1	1036
FBtr0308932.1	1036
FBtr0308931	1036
FBtr0308932	1036
FBtr0308931.2	8
FBtr0308932.2	8
FBtr0345172	224
FBtr0345172.1	224
FBtr0346738	609
FBtr0346738.1	609
FBtr0347539.1	88
FBtr0347539	88
FBtr0347539.2	1
FBtr0344076.1	46767
FBtr0344076	46767
FBtr0344076.2	25
FBtr0344076.3	4
FBtr0344076.4	3
FBtr0344655	23
FBtr0344655.1	23
FBtr0346011.1	474
FBtr0346011	474
FBtr0346011.2	1
FBtr0346011.3	3
FBtr0346011.4	10
FBtr0347426	115
FBtr0347426.1	115
FBtr0347473.1	23
FBtr0347473	23
FBtr0347473.2	15
FBtr0347473.3	2
FBtr0346020.1	42
FBtr0346020	42
FBtr0346020.2	2
FBtr0347473.4	2
FBtr0346780	3
FBtr0346780.1	3
FBtr0346054	5429
FBtr0346054.1	5429
FBtr0340602.1	47
FBtr0340602	47
FBtr0340602.2	39
FBtr0346055	19
FBtr0346055.1	19
FBtr0479720	8
FBtr0479720.1	8
FBtr0346057	638
FBtr0346057.1	638
FBtr0344580.1	67
FBtr0344580	67
FBtr0344580.2	27
FBtr0346081	3
FBtr0346081.1	3
FBtr0335050.1	33
FBtr0335050	33
FBtr0335050.2	3
FBtr0340603.1	25
FBtr0340603	25
FBtr0340603.2	1
FBtr0340604.1	218
FBtr0340604	218
FBtr0340604.2	2
FBtr0343931.1	93
FBtr0343931	93
FBtr0343931.2	7
FBtr0346084	270
FBtr0346084.1	270
FBtr0343376	43
FBtr0343376.1	43
FBtr0309201.1	20818
FBtr0309201	20818
FBtr0309201.2	2
FBtr0343797.1	10
FBtr0343797	10
FBtr0343797.2	3
FBtr0343797.3	2
FBtr0346094	32
FBtr0346094.1	32
FBtr0334882.1	10
FBtr0334882	10
FBtr0334882.2	42
FBtr0347543	6
FBtr0347543.1	6
FBtr0346104	432
FBtr0346104.1	432
FBtr0346196.1	1
FBtr0346196	1
FBtr0346195.1	282
FBtr0346195	282
FBtr0346195.2	5
FBtr0346196.2	5
FBtr0346105	35
FBtr0346105.1	35
FBtr0306719.1	2
FBtr0343183.1	2
FBtr0306719	2
FBtr0343183	2
FBtr0306719.2	
FBtr0343183.2	
FBtr0306719.3	1
FBtr0343183.3	1
FBtr0306719.4	
FBtr0343183.4	
FBtr0332278.1	1
FBtr0332278	1
FBtr0332278.2	1
FBtr0332278.3	
FBtr0332278.4	
FBtr0340606.1	25
FBtr0340606	25
FBtr0340606.2	4
FBtr0344596.1	106
FBtr0344596	106
FBtr0344596.2	7
FBtr0309826	18
FBtr0309826.1	18
FBtr0346307	110
FBtr0346307.1	110
FBtr0346106.1	4
FBtr0346106	4
FBtr0346106.2	2
FBtr0346172	4
FBtr0346172.1	4
FBtr0332277.1	2
FBtr0332277	2
FBtr0332277.2	2
FBtr0340609	41
FBtr0340609.1	41
FBtr0306827.1	195
FBtr0306827	195
FBtr0306827.2	19
FBtr0346173	94
FBtr0346173.1	94
FBtr0346174	2
FBtr0346174.1	2
FBtr0340683	29
FBtr0340683.1	29
FBtr0346177	69
FBtr0346177.1	69
FBtr0346178	3
FBtr0346178.1	3
FBtr0344595.1	621
FBtr0344595	621
FBtr0344595.2	7
FBtr0344595.3	9
FBtr0346266	8
FBtr0346266.1	8
FBtr0303456.1	7576
FBtr0303456	7576
FBtr0303456.2	26
FBtr0332903.1	63
FBtr0332903	63
FBtr0332903.2	3
FBtr0346334.1	9
FBtr0346334	9
FBtr0346332.1	17
FBtr0346333.1	17
FBtr0346332	17
FBtr0346333	17
FBtr0346334.2	17
FBtr0346332.2	3
FBtr0346333.2	3
FBtr0333763.1	5
FBtr0333763	5
FBtr0333763.2	6
FBtr0343044.1	3730
FBtr0343045.1	3730
FBtr0343044	3730
FBtr0343045	3730
FBtr0343044.2	230
FBtr0343045.2	230
FBtr0346314	2
FBtr0346314.1	2
FBtr0346302	161
FBtr0346302.1	161
FBtr0346303	3
FBtr0346303.1	3
FBtr0340681.1	12
FBtr0340681	12
FBtr0340681.2	3
FBtr0346296	27
FBtr0346296.1	27
FBtr0339831	366
FBtr0339831.1	366
FBtr0334776.1	25
FBtr0334776	25
FBtr0334776.2	75
FBtr0334776.3	36
FBtr0343039	29
FBtr0343039.1	29
FBtr0073514.1	37647
FBtr0308845.1	37647
FBtr0308846.1	37647
FBtr0343985.1	37647
FBtr0343986.1	37647
FBtr0343985	37647
FBtr0343986	37647
FBtr0308845	37647
FBtr0308846	37647
FBtr0073514	37647
FBtr0073515	37647
FBtr0073515.1	37647
FBtr0308845.2	3070
FBtr0343985.2	183
FBtr0308845.3	183
FBtr0343986.2	183
FBtr0308846.2	172
FBtr0343985.3	5171
FBtr0308846.3	5171
FBtr0343985.4	37
FBtr0343986.3	37
FBtr0308845.4	37
FBtr0308846.4	37
FBtr0073514.2	37
FBtr0333014	8
FBtr0333014.1	8
FBtr0333769.1	3858
FBtr0333770.1	3858
FBtr0333769	3858
FBtr0333770	3858
FBtr0333770.2	2
FBtr0333769.2	13
FBtr0333770.3	13
FBtr0073625.1	93
FBtr0073625	93
FBtr0073625.2	8
FBtr0073625.3	4
FBtr0073627.1	20864
FBtr0073626.1	20864
FBtr0073628.1	20864
FBtr0073626	20864
FBtr0073627	20864
FBtr0073628	20864
FBtr0073626.2	43
FBtr0073627.2	43
FBtr0073628.2	43
FBtr0073626.3	68
FBtr0073628.3	68
FBtr0073627.3	68
FBtr0073626.4	13
FBtr0073627.4	13
FBtr0073628.4	13
FBtr0333769.3	4
FBtr0333770.4	4
FBtr0346301	4
FBtr0346301.1	4
FBtr0346300	4
FBtr0346300.1	4
FBtr0340723	381
FBtr0340723.1	381
FBtr0100004	99999
FBtr0100004.1	99999
FBtr0475041	32
FBtr0475041.1	32
FBtr0346313	186
FBtr0346313.1	186
FBtr0342623.1	101
FBtr0342623	101
FBtr0342623.2	16
FBtr0346317	32
FBtr0346317.1	32
FBtr0346318.1	8
FBtr0346318	8
FBtr0346318.2	3
FBtr0343601	26
FBtr0343601.1	26
FBtr0346132	2412
FBtr0346132.1	2412
FBtr0344174	2491
FBtr0344174.1	2491
FBtr0344173	10306
FBtr0344173.1	10306
FBtr0347127	199
FBtr0347127.1	199
FBtr0342664	2
FBtr0342664.1	2
FBtr0342708.1	120
FBtr0342708	120
FBtr0342708.2	5
FBtr0342708.3	7
FBtr0304030.1	38022
FBtr0304030	38022
FBtr0343987.1	38022
FBtr0304031	38022
FBtr0304031.1	38022
FBtr0343987	38022
FBtr0304030.2	38022
FBtr0343987.2	38022
FBtr0332276.1	18
FBtr0332276	18
FBtr0332276.2	1
FBtr0342709	3
FBtr0342709.1	3
FBtr0347538	5
FBtr0347538.1	5
FBtr0342713.1	
FBtr0342713	
FBtr0342713.2	3
FBtr0342715	2
FBtr0342715.1	2
FBtr0343977.1	61
FBtr0343977	61
FBtr0343977.2	1
FBtr0335121.1	4
FBtr0335121	4
FBtr0335121.2	4
FBtr0346069.1	48
FBtr0346069	48
FBtr0346069.2	39
FBtr0346069.3	1
FBtr0475042.1	138
FBtr0475042	138
FBtr0475042.2	17
FBtr0342723	4
FBtr0342723.1	4
FBtr0340436	21
FBtr0340436.1	21
FBtr0342725	2
FBtr0342725.1	2
FBtr0342726	2
FBtr0342726.1	2
FBtr0339810	18
FBtr0339810.1	18
FBtr0340345	2
FBtr0340345.1	2
FBtr0347271.1	535
FBtr0347271	535
FBtr0347271.2	5
FBtr0347271.3	63
FBtr0445212.1	5
FBtr0445212	5
FBtr0346070	3
FBtr0346070.1	3
FBtr0445212.2	4
FBtr0346071	5
FBtr0346071.1	5
FBtr0472955.1	24
FBtr0472955	24
FBtr0472956.1	687
FBtr0472957.1	687
FBtr0472956	687
FBtr0472957	687
FBtr0472955.2	687
FBtr0472956.2	4
FBtr0472957.2	4
FBtr0472955.3	4
FBtr0472957.3	4
FBtr0472956.3	3
FBtr0472955.4	2
FBtr0472956.4	2
FBtr0472957.4	2
FBtr0346073	51
FBtr0346073.1	51
FBtr0346058.1	67
FBtr0346058	67
FBtr0346058.2	23
FBtr0473390	95
FBtr0473390.1	95
FBtr0344087.1	4
FBtr0344087	4
FBtr0344087.2	8
FBtr0342804.1	41
FBtr0342804	41
FBtr0342804.2	6
FBtr0335255.1	117
FBtr0335255	117
FBtr0335255.2	7
FBtr0346285	10
FBtr0346285.1	10
FBtr0346331	47
FBtr0346331.1	47
FBtr0332402.1	34
FBtr0332402	34
FBtr0332402.2	5
FBtr0332402.3	2
FBtr0346494	345
FBtr0346494.1	345
FBtr0346319	3
FBtr0346319.1	3
FBtr0344563.1	27
FBtr0344563	27
FBtr0344563.2	6
FBtr0346065	3363
FBtr0346065.1	3363
FBtr0346066	11
FBtr0346066.1	11
FBtr0342849.1	4
FBtr0342849	4
FBtr0342849.2	2
FBtr0346045	2
FBtr0346045.1	2
FBtr0346491	2
FBtr0346491.1	2
FBtr0343773.1	25
FBtr0343773	25
FBtr0343773.2	66
FBtr0346320	2
FBtr0346320.1	2
FBtr0332567.1	9
FBtr0332567	9
FBtr0332567.2	5
FBtr0332567.3	5
FBtr0344413	131
FBtr0344413.1	131
FBtr0342853.1	19
FBtr0342853	19
FBtr0342853.2	2
FBtr0347238.1	38
FBtr0347238	38
FBtr0347238.2	1
FBtr0346048	87
FBtr0346048.1	87
FBtr0479951	99271
FBtr0479951.1	99271
FBtr0342860.1	83
FBtr0342860	83
FBtr0346385	83
FBtr0346385.1	83
FBtr0342860.2	2
FBtr0342861.1	46
FBtr0342861	46
FBtr0342861.2	26
FBtr0347221.1	5814
FBtr0347222.1	5814
FBtr0347223.1	5814
FBtr0347224.1	5814
FBtr0347225.1	5814
FBtr0347226.1	5814
FBtr0347468.1	5814
FBtr0347469.1	5814
FBtr0479729.1	5814
FBtr0347227.1	5814
FBtr0347467	5814
FBtr0347467.1	5814
FBtr0479730.1	5814
FBtr0479731.1	5814
FBtr0347221	5814
FBtr0347222	5814
FBtr0347225	5814
FBtr0347226	5814
FBtr0347223	5814
FBtr0479731	5814
FBtr0347468	5814
FBtr0347469	5814
FBtr0479730	5814
FBtr0479729	5814
FBtr0347224	5814
FBtr0347227	5814
FBtr0347226.2	12
FBtr0479732.1	4
FBtr0479733.1	4
FBtr0479732	4
FBtr0479733	4
FBtr0479734	4
FBtr0479734.1	4
FBtr0347226.3	347
FBtr0347469.2	347
FBtr0347222.2	347
FBtr0347223.2	347
FBtr0347224.2	347
FBtr0347468.2	347
FBtr0347221.2	347
FBtr0479729.2	347
FBtr0479730.2	15
FBtr0479731.2	15
FBtr0347226.4	3
FBtr0347222.3	6
FBtr0347225.2	6
FBtr0347226.5	6
FBtr0347223.3	6
FBtr0479732.2	4
FBtr0479732.3	2
FBtr0347468.3	1
FBtr0347469.3	1
FBtr0479730.3	
FBtr0479729.3	
FBtr0479733.2	
FBtr0347224.3	
FBtr0347227.2	1
FBtr0344073.1	7716
FBtr0344073	7716
FBtr0344073.2	5
FBtr0344073.3	14
FBtr0344073.4	3
FBtr0332615	321
FBtr0332615.1	321
FBtr0344113.1	988
FBtr0344113	988
FBtr0344113.2	49
FBtr0344114	3969
FBtr0344114.1	3969
FBtr0309314.1	7
FBtr0309315.1	7
FBtr0309314	7
FBtr0309315	7
FBtr0309314.2	54
FBtr0309315.2	54
FBtr0309314.3	4
FBtr0309315.3	4
FBtr0309314.4	1
FBtr0309315.4	1
FBtr0309314.5	1
FBtr0309315.5	1
FBtr0300155	
FBtr0300155.1	
FBtr0300156	
FBtr0300156.1	
FBtr0300137	
FBtr0300137.1	
FBtr0346905	1
FBtr0346905.1	1
FBtr0346687	
FBtr0346687.1	
FBtr0300153	
FBtr0300153.1	
FBtr0300144	
FBtr0300144.1	
FBtr0300145	
FBtr0300145.1	
FBtr0302349	12
FBtr0302349.1	12
FBtr0300157	
FBtr0300157.1	
FBtr0300159	
FBtr0300159.1	
FBtr0300152	
FBtr0300152.1	
