FBtr0344053.2	-70
FBtr0344052	-1413
FBtr0344052.1	-1413
FBtr0344053	-1413
FBtr0344053.1	-1413
FBtr0329830.2	-1
FBtr0329830	-23
FBtr0344144	-23
FBtr0344144.1	-23
FBtr0329830.1	-23
FBtr0347591	-19
FBtr0347591.1	-19
FBtr0310101	-13
FBtr0310101.1	-13
FBtr0343250	-48
FBtr0343250.1	-48
FBtr0347592.2	-5
FBtr0347592	-109
FBtr0347592.1	-109
FBtr0345739	-7
FBtr0345739.1	-7
FBtr0334798	-5
FBtr0334798.1	-5
FBtr0343253.3	-3
FBtr0445830.3	-3
FBtr0343253	-48
FBtr0445830	-48
FBtr0343253.2	-32
FBtr0445830.2	-32
FBtr0343253.1	-48
FBtr0445830.1	-48
FBtr0331290	-38
FBtr0331290.1	-38
FBtr0345742	-5
FBtr0345742.1	-5
FBtr0306546.2	-3
FBtr0306546	-2
FBtr0306546.1	-2
FBtr0344105	-2
FBtr0344105.1	-2
FBtr0344104	-184
FBtr0344104.1	-184
FBtr0343843	-1726
FBtr0343843.1	-1726
FBtr0342645.2	-9
FBtr0342645	-9
FBtr0342646.2	-9
FBtr0342646	-6
FBtr0342646.1	-6
FBtr0342645.1	-9
FBtr0346473	-27
FBtr0346473.1	-27
FBtr0334828	-497
FBtr0334828.1	-497
FBtr0334827.2	-5
FBtr0334827	-329
FBtr0334827.1	-329
FBtr0345564	-162
FBtr0345564.1	-162
FBtr0334812	-51
FBtr0334812.1	-51
FBtr0345556.2	-21
FBtr0345556	-611
FBtr0345556.1	-611
FBtr0335164.2	-176
FBtr0335164	-51
FBtr0335164.1	-51
FBtr0343233	-4
FBtr0343233.1	-4
FBtr0343232	-8
FBtr0343232.1	-8
FBtr0330690.2	-2
FBtr0330690	-102
FBtr0330689.2	-1
FBtr0330689	-102
FBtr0330688.2	-3
FBtr0330688	-102
FBtr0330688.1	-102
FBtr0330689.1	-102
FBtr0330690.1	-102
FBtr0335161.2	-542
FBtr0335161	-236
FBtr0330687.2	-542
FBtr0330687	-236
FBtr0335161.1	-236
FBtr0330687.1	-236
FBtr0344047.2	-19
FBtr0344047	-15
FBtr0344047.1	-15
FBtr0343862	-179
FBtr0343862.1	-179
FBtr0345551	-16
FBtr0345551.1	-16
FBtr0342650	-7
FBtr0342650.1	-7
FBtr0335168	-58
FBtr0335168.1	-58
FBtr0343235.2	-2
FBtr0343235	-2
FBtr0343235.1	-2
FBtr0343234	-2
FBtr0343234.1	-2
FBtr0346486	-22
FBtr0346486.1	-22
FBtr0452193	-5
FBtr0452193.1	-5
FBtr0343107	-7
FBtr0343107.1	-7
FBtr0345736.2	-3
FBtr0345736	-4
FBtr0345736.1	-4
FBtr0335483	-76
FBtr0335483.1	-76
FBtr0345731	-4
FBtr0345731.1	-4
FBtr0345730	-3
FBtr0345730.1	-3
FBtr0346487	-1158
FBtr0346487.1	-1158
FBtr0345567	-2
FBtr0345567.1	-2
FBtr0343240	-12
FBtr0343240.1	-12
FBtr0474095	-15
FBtr0474095.1	-15
FBtr0342953	-86
FBtr0342953.1	-86
FBtr0452189	-54
FBtr0452189.1	-54
FBtr0332223.2	-11
FBtr0332223	-198
FBtr0332223.1	-198
FBtr0321299	-662
FBtr0321299.1	-662
FBtr0344048.2	-15
FBtr0344048	-41
FBtr0344048.1	-41
FBtr0345957.2	-2
FBtr0345957	-10
FBtr0345957.1	-10
FBtr0345956	-1
FBtr0345956.1	-1
FBtr0334834.2	-16
FBtr0334834	-21
FBtr0334834.1	-21
FBtr0344049.2	-11
FBtr0344049	-3
FBtr0344049.1	-3
FBtr0346782.2	-31
FBtr0346782	-80
FBtr0346782.1	-80
FBtr0346503	-9
FBtr0346503.1	-9
FBtr0334789.2	-4
FBtr0334789	-32
FBtr0334789.1	-32
FBtr0345562	-190
FBtr0345562.1	-190
FBtr0345561	-2
FBtr0345561.1	-2
FBtr0345560	-44
FBtr0345560.1	-44
FBtr0334839.2	-4
FBtr0334839	-16
FBtr0334839.1	-16
FBtr0345770.2	-5
FBtr0445833.2	-124
FBtr0345770	-124
FBtr0445833	-15
FBtr0345770.1	-124
FBtr0445833.1	-15
FBtr0329834.2	-5
FBtr0329834	-12
FBtr0329834.1	-12
FBtr0345958	-4
FBtr0345958.1	-4
FBtr0452182	-4
FBtr0452182.1	-4
FBtr0345563	-5
FBtr0345563.1	-5
FBtr0332226.2	-4
FBtr0332226	-157
FBtr0332226.1	-157
FBtr0345557	-10
FBtr0345557.1	-10
FBtr0332216	-483
FBtr0332216.1	-483
FBtr0345571	-804
FBtr0345571.1	-804
FBtr0342937.2	-2
FBtr0342937	-100
FBtr0342938.2	-2
FBtr0342938	-100
FBtr0342937.1	-100
FBtr0342938.1	-100
FBtr0346580	-387
FBtr0346580.1	-387
FBtr0342943.2	-9
FBtr0342943	-7579
FBtr0342944	-7579
FBtr0342944.1	-7579
FBtr0342943.1	-7579
FBtr0343259	-692
FBtr0343259.1	-692
FBtr0308924.3	-4
FBtr0308924	-4
FBtr0308924.2	-6
FBtr0308924.1	-4
FBtr0343258.2	-27
FBtr0343258	-1225
FBtr0343258.1	-1225
FBtr0343247	-20
FBtr0343247.1	-20
FBtr0343245	-10
FBtr0343245.1	-10
FBtr0343396.2	-6
FBtr0343396	-135
FBtr0343396.1	-135
FBtr0343395	-2070
FBtr0343395.1	-2070
FBtr0343393	-27
FBtr0343393.1	-27
FBtr0343394	-27
FBtr0343394.1	-27
FBtr0345757.2	-4
FBtr0345757	-264
FBtr0342619.2	-4
FBtr0342619	-264
FBtr0342619.1	-264
FBtr0345757.1	-264
FBtr0342617	-4
FBtr0342617.1	-4
FBtr0332031.2	-7
FBtr0332032.2	-7
FBtr0332031	-1340
FBtr0332032	-1340
FBtr0332032.1	-1340
FBtr0332031.1	-1340
FBtr0333246	-5
FBtr0333246.1	-5
FBtr0344051.2	-8
FBtr0344051	-133
FBtr0344051.1	-133
FBtr0309287	-25
FBtr0309287.1	-25
FBtr0332010	-9
FBtr0332010.1	-9
FBtr0346500	-4
FBtr0346500.1	-4
FBtr0343398	-407
FBtr0343398.1	-407
FBtr0475067	-82
FBtr0475067.1	-82
FBtr0343154.2	-8
FBtr0343154	-979
FBtr0343153.2	-8
FBtr0343153	-979
FBtr0343154.1	-979
FBtr0343153.1	-979
FBtr0345975	-18
FBtr0345975.1	-18
FBtr0343164	-26
FBtr0343164.1	-26
FBtr0343868.2	-3
FBtr0343868	-1
FBtr0343868.1	-1
FBtr0342659	-722
FBtr0342659.1	-722
FBtr0342657	-4
FBtr0342657.1	-4
FBtr0342656	-2
FBtr0342656.1	-2
FBtr0345570	-12
FBtr0345570.1	-12
FBtr0334816.2	-7
FBtr0334816	-7
FBtr0334816.1	-7
FBtr0335490.2	-6
FBtr0335490	-3058
FBtr0335490.1	-3058
FBtr0344056.4	-2
FBtr0344056	-3
FBtr0344056.3	-2
FBtr0344056.2	-2
FBtr0344056.1	-3
FBtr0344109	-16
FBtr0344109.1	-16
FBtr0345771	-70
FBtr0345771.1	-70
FBtr0335193	-3
FBtr0335193.1	-3
FBtr0335192	-217
FBtr0335192.1	-217
FBtr0345780.2	-5
FBtr0345780	-46
FBtr0345780.1	-46
FBtr0345735	-25
FBtr0345735.1	-25
FBtr0344057.2	-5
FBtr0344057	-13
FBtr0344057.1	-13
FBtr0332517.2	-4
FBtr0332518.2	-4
FBtr0332517	-15978
FBtr0332518	-2
FBtr0332517.1	-15978
FBtr0332518.1	-2
FBtr0345772	-4
FBtr0345772.1	-4
FBtr0345454	-3
FBtr0345454.1	-3
FBtr0347027	-6
FBtr0347027.1	-6
FBtr0345754	-6
FBtr0345754.1	-6
FBtr0340264	-6
FBtr0340264.1	-6
FBtr0347300.2	-4
FBtr0347300	-3
FBtr0347300.1	-3
FBtr0339809.2	-1
FBtr0339809	-870
FBtr0339809.1	-870
FBtr0342663	-231
FBtr0342663.1	-231
FBtr0345456.2	-3
FBtr0345456	-43
FBtr0345456.1	-43
FBtr0342852.2	-2
FBtr0342852	-366
FBtr0342852.1	-366
FBtr0343254	-2
FBtr0343254.1	-2
FBtr0335493	-2
FBtr0335493.1	-2
FBtr0309975.2	-4
FBtr0309976.3	-4
FBtr0309975	-26
FBtr0309976	-26
FBtr0309976.2	-3
FBtr0309975.1	-26
FBtr0309976.1	-26
FBtr0347488.3	-2
FBtr0347488	-8
FBtr0347488.2	-2
FBtr0347488.1	-8
FBtr0335496.2	-6
FBtr0335496	-589
FBtr0335496.1	-589
FBtr0472915.5	-6
FBtr0472916.6	-6
FBtr0472917.6	-6
FBtr0472915	-8320
FBtr0472916	-8320
FBtr0472917	-8320
FBtr0472915.4	-120
FBtr0472916.5	-120
FBtr0472917.5	-120
FBtr0472915.3	-16
FBtr0472916.4	-16
FBtr0472917.4	-16
FBtr0472916.3	-14
FBtr0472917.3	-75
FBtr0472915.2	-80
FBtr0472916.2	-80
FBtr0472917.2	-80
FBtr0472915.1	-8320
FBtr0472916.1	-8320
FBtr0472917.1	-8320
FBtr0079906.5	-129
FBtr0330683.5	-129
FBtr0079906	-15544
FBtr0330683	-15544
FBtr0079906.4	-48
FBtr0330683.4	-48
FBtr0079906.3	-41
FBtr0330683.3	-41
FBtr0079906.2	-65
FBtr0330683.2	-65
FBtr0330683.1	-15544
FBtr0079906.1	-15544
FBtr0343746	-112
FBtr0343746.1	-112
FBtr0344476.2	-8
FBtr0344476	-187
FBtr0344476.1	-187
FBtr0343745	-107
FBtr0343745.1	-107
FBtr0346784	-7
FBtr0346784.1	-7
FBtr0345773	-5
FBtr0345773.1	-5
FBtr0342714	-4
FBtr0342714.1	-4
FBtr0336852	-115
FBtr0336852.1	-115
FBtr0342586	-90
FBtr0342586.1	-90
FBtr0342585.2	-6
FBtr0342585	-7
FBtr0342585.1	-7
FBtr0332028.3	-4
FBtr0332028	-101
FBtr0332028.2	-12
FBtr0332028.1	-101
FBtr0340559	-3
FBtr0340559.1	-3
FBtr0346573	-3
FBtr0346573.1	-3
FBtr0340556	-6
FBtr0340556.1	-6
FBtr0340555	-1079
FBtr0340555.1	-1079
FBtr0346761	-63
FBtr0346761.1	-63
FBtr0392913	-81
FBtr0392913.1	-81
FBtr0346574	-998
FBtr0346574.1	-998
FBtr0332563	-3
FBtr0332563.1	-3
FBtr0336865	-126
FBtr0336865.1	-126
FBtr0308751	-13
FBtr0308751.1	-13
FBtr0342590.2	-6
FBtr0342590	-43
FBtr0342590.1	-43
FBtr0342589	-3
FBtr0342589.1	-3
FBtr0344212.2	-2
FBtr0344212	-130
FBtr0344213.3	-1
FBtr0344213	-130
FBtr0344213.2	-2
FBtr0344213.1	-130
FBtr0344212.1	-130
FBtr0303212.3	-1
FBtr0303212	-40
FBtr0303211.2	-12
FBtr0303211	-40
FBtr0303212.2	-12
FBtr0303211.1	-40
FBtr0303212.1	-40
FBtr0340564.2	-4
FBtr0340564	-37
FBtr0340564.1	-37
FBtr0340570	-10
FBtr0340570.1	-10
FBtr0340569.2	-166
FBtr0340569	-3
FBtr0340569.1	-3
FBtr0335477	-674
FBtr0335477.1	-674
FBtr0344130	-186
FBtr0344130.1	-186
FBtr0333424	-111
FBtr0333424.1	-111
FBtr0344129.2	-5
FBtr0344128	-86
FBtr0344128.1	-86
FBtr0344129	-86
FBtr0344129.1	-86
FBtr0306899.2	-12
FBtr0306899	-77502
FBtr0306897.3	-34
FBtr0306898.2	-12
FBtr0306897	-77502
FBtr0306898	-77502
FBtr0306897.2	-12
FBtr0306897.1	-77502
FBtr0306898.1	-77502
FBtr0306899.1	-77502
FBtr0342597.2	-19
FBtr0342597	-71
FBtr0342597.1	-71
FBtr0342606	-328
FBtr0342606.1	-328
FBtr0342605	-143
FBtr0342605.1	-143
FBtr0307106.2	-1048
FBtr0307106	-1048
FBtr0307106.1	-1048
FBtr0345546	-5
FBtr0345546.1	-5
FBtr0345548.2	-1
FBtr0345548	-9
FBtr0345547.2	-1
FBtr0345547	-3
FBtr0345547.1	-3
FBtr0345548.1	-9
FBtr0342630	-5
FBtr0342630.1	-5
FBtr0342629	-23
FBtr0342629.1	-23
FBtr0347486	-3
FBtr0347486.1	-3
FBtr0452183	-13
FBtr0452183.1	-13
FBtr0332211.2	-5
FBtr0332211	-50
FBtr0332211.1	-50
FBtr0479959	-3
FBtr0479959.1	-3
FBtr0344036.2	-4
FBtr0344036	-5
FBtr0344036.1	-5
FBtr0342638	-1121
FBtr0342638.1	-1121
FBtr0342634.2	-3
FBtr0342634	-10
FBtr0342634.1	-10
FBtr0346424	-2
FBtr0346424.1	-2
FBtr0346425	-4
FBtr0346425.1	-4
FBtr0308752	-114
FBtr0308752.1	-114
FBtr0346987	-195
FBtr0346987.1	-195
FBtr0343660	-38
FBtr0343660.1	-38
FBtr0343670.2	-6
FBtr0343670	-12
FBtr0343670.1	-12
FBtr0345759	-24
FBtr0345759.1	-24
FBtr0345758	-4
FBtr0345758.1	-4
FBtr0345549	-8
FBtr0345549.1	-8
FBtr0342909	-2
FBtr0342909.1	-2
FBtr0310013.2	-3
FBtr0310013	-47
FBtr0310013.1	-47
FBtr0343679.2	-20
FBtr0343679	-486
FBtr0343679.1	-486
FBtr0309282.2	-6
FBtr0309282	-4522
FBtr0309283	-4522
FBtr0309283.1	-4522
FBtr0309282.1	-4522
FBtr0342914	-19
FBtr0342914.1	-19
FBtr0346575	-27
FBtr0346575.1	-27
FBtr0345569	-162
FBtr0345569.1	-162
FBtr0346471	-882
FBtr0346471.1	-882
FBtr0343705	-58
FBtr0343705.1	-58
FBtr0343702	-12
FBtr0343702.1	-12
FBtr0343701.2	-5
FBtr0343701	-110
FBtr0343701.1	-110
FBtr0343711	-8
FBtr0343711.1	-8
FBtr0475069	-6
FBtr0475069.1	-6
FBtr0343683.2	-13
FBtr0343683	-506
FBtr0332019.2	-13
FBtr0332019	-506
FBtr0332019.1	-506
FBtr0343683.1	-506
FBtr0332519	-161
FBtr0332519.1	-161
FBtr0343106	-4
FBtr0343106.1	-4
FBtr0332375.3	-2
FBtr0332375	-232
FBtr0332375.2	-3
FBtr0332375.1	-232
FBtr0345784	-2
FBtr0345784.1	-2
FBtr0475068	-1
FBtr0475068.1	-1
FBtr0343714	-16
FBtr0343714.1	-16
FBtr0345783	-2
FBtr0345783.1	-2
FBtr0345760	-2
FBtr0345760.1	-2
FBtr0345559	-91
FBtr0345559.1	-91
FBtr0343736	-14
FBtr0343736.1	-14
FBtr0346421.2	-3
FBtr0346421	-1
FBtr0342644.2	-3
FBtr0342644	-1
FBtr0342644.1	-1
FBtr0346421.1	-1
FBtr0445829.2	-1
FBtr0445829	-741
FBtr0342642.2	-1
FBtr0342642	-741
FBtr0342642.1	-741
FBtr0445829.1	-741
FBtr0346472	-4
FBtr0346472.1	-4
FBtr0332231.2	-300
FBtr0332231	-300
FBtr0343694	-300
FBtr0343694.1	-300
FBtr0332231.1	-300
FBtr0343730	-5
FBtr0343730.1	-5
FBtr0343729	-18
FBtr0343729.1	-18
FBtr0346760.2	-1085
FBtr0346760	-1085
FBtr0332026.2	-1085
FBtr0332026	-1085
FBtr0332026.1	-1085
FBtr0346760.1	-1085
FBtr0342918	-2
FBtr0342918.1	-2
FBtr0342917	-3
FBtr0342917.1	-3
FBtr0332359.2	-6
FBtr0332359	-64
FBtr0332359.1	-64
FBtr0343813	-10
FBtr0343813.1	-10
FBtr0344060.3	-2
FBtr0344060	-3
FBtr0344060.2	-2
FBtr0344060.1	-3
FBtr0345762	-2
FBtr0345762.1	-2
FBtr0345761	-4
FBtr0345761.1	-4
FBtr0335498	-24
FBtr0335498.1	-24
FBtr0344039	-27
FBtr0344039.1	-27
FBtr0343811.2	-7
FBtr0343811	-226
FBtr0343811.1	-226
FBtr0340175.2	-2
FBtr0340175	-33
FBtr0340175.1	-33
FBtr0345974	-74
FBtr0345974.1	-74
FBtr0332012.2	-9
FBtr0332012	-63
FBtr0332013	-63
FBtr0332013.1	-63
FBtr0332012.1	-63
FBtr0340181	-222
FBtr0340181.1	-222
FBtr0346475	-1
FBtr0346475.1	-1
FBtr0345642.2	-5
FBtr0345642	-828
FBtr0339798.2	-5
FBtr0339798	-828
FBtr0306294.2	-5
FBtr0306294	-828
FBtr0306294.1	-828
FBtr0339798.1	-828
FBtr0345642.1	-828
FBtr0345765	-2128
FBtr0345765.1	-2128
FBtr0344800	-316
FBtr0344800.1	-316
FBtr0344799	-6
FBtr0344799.1	-6
FBtr0340256	-6
FBtr0340256.1	-6
FBtr0340255	-382
FBtr0340255.1	-382
FBtr0340253	-364
FBtr0340253.1	-364
FBtr0340252	-146
FBtr0340252.1	-146
FBtr0346478	-19
FBtr0346478.1	-19
FBtr0345726	-23
FBtr0345726.1	-23
FBtr0345725	-7880
FBtr0345725.1	-7880
FBtr0306710.2	-3
FBtr0306710	-5
FBtr0306710.1	-5
FBtr0340186.2	-8
FBtr0340186	-4
FBtr0340186.1	-4
FBtr0340185.2	-5
FBtr0340185	-61
FBtr0340184.2	-6
FBtr0340184	-61
FBtr0340184.1	-61
FBtr0340185.1	-61
FBtr0343103	-1
FBtr0343103.1	-1
FBtr0343820	-22
FBtr0343820.1	-22
FBtr0343818	-5
FBtr0343818.1	-5
FBtr0343816	-6
FBtr0343816.1	-6
FBtr0342831.2	-3
FBtr0342831	-1
FBtr0342831.1	-1
FBtr0307108.2	-44
FBtr0345440.2	-44
FBtr0307108	-3905
FBtr0345440	-3905
FBtr0307108.1	-3905
FBtr0345440.1	-3905
FBtr0342850.2	-4
FBtr0342850	-8
FBtr0342850.1	-8
FBtr0340582	-94
FBtr0340582.1	-94
FBtr0343832	-56
FBtr0343832.1	-56
FBtr0332018	-124
FBtr0332018.1	-124
FBtr0343836	-1845
FBtr0343836.1	-1845
FBtr0332208.2	-7
FBtr0332208	-23
FBtr0332208.1	-23
FBtr0342930	-6
FBtr0342930.1	-6
FBtr0336845	-36
FBtr0336845.1	-36
FBtr0321273.2	-1
FBtr0321273	-553
FBtr0321273.1	-553
FBtr0344041.2	-57
FBtr0344041	-9
FBtr0344041.1	-9
FBtr0336821.3	-5
FBtr0336821	-21
FBtr0336821.2	-1
FBtr0336821.1	-21
FBtr0091700	-179
FBtr0091700.1	-179
FBtr0346502	-6
FBtr0346502.1	-6
FBtr0332319	-166
FBtr0332319.1	-166
FBtr0307113.3	-1
FBtr0307113	-12
FBtr0307113.2	-1
FBtr0307113.1	-12
FBtr0344042.3	-8
FBtr0344043.4	-8
FBtr0344042	-798
FBtr0344043	-798
FBtr0344043.3	-2
FBtr0344042.2	-2
FBtr0344043.2	-2
FBtr0344042.1	-798
FBtr0344043.1	-798
FBtr0344044	-84
FBtr0344044.1	-84
FBtr0332244.2	-6
FBtr0304883	-267
FBtr0304883.1	-267
FBtr0332244	-267
FBtr0332244.1	-267
FBtr0345080	-2
FBtr0345080.1	-2
FBtr0346481	-6
FBtr0346481.1	-6
FBtr0343851	-706
FBtr0343851.1	-706
FBtr0343849	-3873
FBtr0343849.1	-3873
FBtr0344578	-50
FBtr0344578.1	-50
FBtr0100850	-24
FBtr0100850.1	-24
FBtr0308760.2	-1
FBtr0308759	-61
FBtr0308759.1	-61
FBtr0308760	-61
FBtr0308760.1	-61
FBtr0309806.2	-34
FBtr0309806	-400
FBtr0309806.1	-400
FBtr0309807.2	-28
FBtr0309808.2	-28
FBtr0309808	-79
FBtr0309807	-34
FBtr0309808.1	-79
FBtr0309807.1	-34
FBtr0344045.2	-110
FBtr0344045	-290
FBtr0344576	-133
FBtr0344576.1	-133
FBtr0344045.1	-290
FBtr0346485	-36
FBtr0346485.1	-36
FBtr0452188	-3
FBtr0452188.1	-3
FBtr0343861.5	-2
FBtr0343861	-2
FBtr0343861.4	-2
FBtr0343803	-186
FBtr0343803.1	-186
FBtr0309809	-186
FBtr0309809.1	-186
FBtr0343861.3	-4
FBtr0343861.2	-4
FBtr0343861.1	-2
FBtr0339566	-4
FBtr0339566.1	-4
FBtr0342649	-216
FBtr0342649.1	-216
FBtr0332035.2	-25
FBtr0332035	-50
FBtr0332035.1	-50
FBtr0334784.2	-4
FBtr0334784	-255
FBtr0334785	-255
FBtr0334785.1	-255
FBtr0334784.1	-255
FBtr0343876	-17
FBtr0343876.1	-17
FBtr0343230.2	-6
FBtr0343230	-88
FBtr0343230.1	-88
FBtr0091693	-2558
FBtr0091693.1	-2558
FBtr0345311.2	-6
FBtr0345311	-605
FBtr0339229.2	-6
FBtr0339229	-605
FBtr0339229.1	-605
FBtr0345311.1	-605
FBtr0343887.2	-4
FBtr0343887	-1755
FBtr0343887.1	-1755
FBtr0343886.2	-16
FBtr0343886	-62
FBtr0343886.1	-62
FBtr0343885.2	-6
FBtr0343885	-15
FBtr0343885.1	-15
FBtr0345769.2	-108
FBtr0345769	-3
FBtr0345769.1	-3
FBtr0346484	-6
FBtr0346484.1	-6
FBtr0343256	-3
FBtr0343256.1	-3
FBtr0343881.3	-4
FBtr0343882	-2
FBtr0343882.1	-2
FBtr0343881	-4
FBtr0343881.2	-2
FBtr0343881.1	-4
FBtr0347481.2	-8
FBtr0347481	-8
FBtr0347481.1	-8
FBtr0479960.2	-2
FBtr0479960	-223
FBtr0479961	-223
FBtr0479961.1	-223
FBtr0479960.1	-223
FBtr0331296.3	-159
FBtr0331296	-694
FBtr0331296.2	-412
FBtr0331296.1	-694
FBtr0333244.2	-23
FBtr0333244	-623
FBtr0344027	-623
FBtr0344027.1	-623
FBtr0333244.1	-623
FBtr0479989.4	-2
FBtr0479990.3	-2
FBtr0479990	-1727
FBtr0479989	-858
FBtr0479989.3	-145
FBtr0479990.2	-145
FBtr0479989.2	-1727
FBtr0479990.1	-1727
FBtr0479989.1	-858
FBtr0344616.2	-5
FBtr0344616	-149
FBtr0344616.1	-149
FBtr0334738	-1
FBtr0334738.1	-1
FBtr0334737.2	-2
FBtr0334737	-1
FBtr0334737.1	-1
FBtr0479972	-1
FBtr0479972.1	-1
FBtr0479971.2	
FBtr0479971	
FBtr0479971.1	
FBtr0347016.2	-131
FBtr0347015	-15
FBtr0347015.1	-15
FBtr0347016	-15
FBtr0347016.1	-15
FBtr0334999	-1
FBtr0334999.1	-1
FBtr0415461	-6
FBtr0415461.1	-6
FBtr0335268.2	-3
FBtr0335267	-310
FBtr0335267.1	-310
FBtr0335268	-310
FBtr0335268.1	-310
FBtr0335288	-1
FBtr0335288.1	-1
FBtr0336521.3	-4
FBtr0336522.2	-4
FBtr0336521	-230
FBtr0336522	-10
FBtr0336521.2	-4
FBtr0336521.1	-230
FBtr0336522.1	-10
FBtr0347304.2	-50
FBtr0347304	-422
FBtr0347304.1	-422
FBtr0344903.2	-4
FBtr0344903	-2
FBtr0344903.1	-2
FBtr0332951	-3179
FBtr0332951.1	-3179
FBtr0344904.2	-322
FBtr0344904	-156
FBtr0344904.1	-156
FBtr0336660	-3
FBtr0336660.1	-3
FBtr0340501.3	-2
FBtr0340501	-2
FBtr0340501.2	-2
FBtr0340501.1	-2
FBtr0344617	-18
FBtr0344617.1	-18
FBtr0336875	
FBtr0336875.1	
FBtr0344614.2	-11
FBtr0344614	-88
FBtr0344614.1	-88
FBtr0336914	-27
FBtr0336914.1	-27
FBtr0344615	-3
FBtr0344615.1	-3
FBtr0336938.2	-4
FBtr0336938	-36
FBtr0336938.1	-36
FBtr0344907.2	-23
FBtr0344907	-335
FBtr0344907.1	-335
FBtr0340503	-1
FBtr0340503.1	-1
FBtr0344908.2	-19
FBtr0344908	-2077
FBtr0344908.1	-2077
FBtr0339301	-13442
FBtr0339301.1	-13442
FBtr0329886.2	-37
FBtr0345479.2	-37
FBtr0345479	-470
FBtr0329886	-47
FBtr0345479.1	-470
FBtr0329886.1	-47
FBtr0473388	-17
FBtr0473388.1	-17
FBtr0473387	-315
FBtr0473387.1	-315
FBtr0339314	-829
FBtr0339314.1	-829
FBtr0340505	-4
FBtr0340505.1	-4
FBtr0340509	-2
FBtr0340509.1	-2
FBtr0339347	-96
FBtr0339347.1	-96
FBtr0345579	-1410
FBtr0345579.1	-1410
FBtr0339355.2	-4
FBtr0339355	-423
FBtr0339355.1	-423
FBtr0339340	-8
FBtr0339340.1	-8
FBtr0339339.2	-3
FBtr0339339	-201
FBtr0339339.1	-201
FBtr0345225.2	-309
FBtr0345225	-309
FBtr0345225.1	-309
FBtr0347017	-60
FBtr0347017.1	-60
FBtr0346992	-2
FBtr0346992.1	-2
FBtr0345669	-93
FBtr0345669.1	-93
FBtr0345574	-360
FBtr0345574.1	-360
FBtr0345573	-234
FBtr0345573.1	-234
FBtr0339353	-168
FBtr0339353.1	-168
FBtr0334809.2	-23
FBtr0334809	-39
FBtr0334809.1	-39
FBtr0339404.2	-3
FBtr0339404	-7
FBtr0339404.1	-7
FBtr0479695	-40
FBtr0479695.1	-40
FBtr0333552	-152
FBtr0333552.1	-152
FBtr0345681	-134
FBtr0345681.1	-134
FBtr0339421	-1282
FBtr0339421.1	-1282
FBtr0339415	-1
FBtr0339415.1	-1
FBtr0339414	-480
FBtr0339414.1	-480
FBtr0309290	-7
FBtr0309290.1	-7
FBtr0309291	-450
FBtr0309291.1	-450
FBtr0452143.2	-10
FBtr0452143	-4891
FBtr0452143.1	-4891
FBtr0345475	-23
FBtr0345475.1	-23
FBtr0088361.2	-33
FBtr0088361	-523175
FBtr0303450.2	-33
FBtr0303450	-523175
FBtr0088361.1	-523175
FBtr0303450.1	-523175
FBtr0445179	-2
FBtr0445179.1	-2
FBtr0340511.2	-1
FBtr0340511	-7
FBtr0340511.1	-7
FBtr0347524.2	-2
FBtr0347524	-15
FBtr0347524.1	-15
FBtr0339469	-1450
FBtr0339469.1	-1450
FBtr0339468	-2
FBtr0339468.1	-2
FBtr0331391	-8
FBtr0331391.1	-8
FBtr0345796.2	-1
FBtr0345796	-180
FBtr0345796.1	-180
FBtr0339553.2	-3
FBtr0339553	-36
FBtr0339553.1	-36
FBtr0339584	-9
FBtr0339584.1	-9
FBtr0345660	-2
FBtr0345660.1	-2
FBtr0345659	-2
FBtr0345659.1	-2
FBtr0347471	-35920
FBtr0347471.1	-35920
FBtr0347470	-33
FBtr0347470.1	-33
FBtr0339587	-18
FBtr0339587.1	-18
FBtr0339586	-191
FBtr0339586.1	-191
FBtr0345484.3	-8
FBtr0345484	-98
FBtr0345484.2	-5
FBtr0345484.1	-98
FBtr0339632.2	-875
FBtr0339632	-875
FBtr0339632.1	-875
FBtr0345538	-362
FBtr0345538.1	-362
FBtr0333104	-166
FBtr0333104.1	-166
FBtr0344918.6	-2
FBtr0344918	-58
FBtr0344918.5	-40
FBtr0344918.4	-4
FBtr0344918.3	-6
FBtr0344918.2	-7
FBtr0344918.1	-58
FBtr0340512.2	-10
FBtr0340512	-3
FBtr0340512.1	-3
FBtr0344927.2	-7
FBtr0344927	-8
FBtr0344927.1	-8
FBtr0472683	-4
FBtr0472683.1	-4
FBtr0472682	-6
FBtr0472682.1	-6
FBtr0344928.2	-5
FBtr0344928	-21
FBtr0344928.1	-21
FBtr0333150	-70
FBtr0333150.1	-70
FBtr0345533	-3
FBtr0345533.1	-3
FBtr0339753	-72
FBtr0339753.1	-72
FBtr0346709.2	-12
FBtr0346953.3	-12
FBtr0346709	-57198
FBtr0346953	-3536
FBtr0346709.1	-57198
FBtr0346953.2	-57198
FBtr0346953.1	-3536
FBtr0345626	-16907
FBtr0345626.1	-16907
FBtr0344332	-22
FBtr0344332.1	-22
FBtr0344331	-33
FBtr0344331.1	-33
FBtr0339963.2	-9
FBtr0347284.2	-9
FBtr0339963	-112
FBtr0347284	-51
FBtr0339963.1	-112
FBtr0347284.1	-51
FBtr0345531	-3
FBtr0345531.1	-3
FBtr0347230	-864
FBtr0347230.1	-864
FBtr0347231.2	-864
FBtr0347232.3	-864
FBtr0347231	-3906
FBtr0347232	-2288
FBtr0347231.1	-3906
FBtr0347232.2	-3906
FBtr0347232.1	-2288
FBtr0345702	-42
FBtr0345702.1	-42
FBtr0309977	-9
FBtr0309977.1	-9
FBtr0332269	-4
FBtr0332269.1	-4
FBtr0340523	-54
FBtr0340523.1	-54
FBtr0339083	-29
FBtr0339083.1	-29
FBtr0340010	-6
FBtr0340010.1	-6
FBtr0340519.2	-114
FBtr0340519	-114
FBtr0340519.1	-114
FBtr0309058.2	-7
FBtr0309058	-14
FBtr0309058.1	-14
FBtr0344759.2	-3
FBtr0344759	-56
FBtr0344760	-56
FBtr0344760.1	-56
FBtr0344759.1	-56
FBtr0308761.2	-12
FBtr0308762.2	-12
FBtr0308761	-256
FBtr0308762	-256
FBtr0308761.1	-256
FBtr0308762.1	-256
FBtr0347113	-109
FBtr0347113.1	-109
FBtr0329959	-118
FBtr0329959.1	-118
FBtr0343971.5	-561
FBtr0343971	-776
FBtr0343971.4	-9
FBtr0343971.3	-14
FBtr0343971.2	-26
FBtr0343971.1	-776
FBtr0347228	-314
FBtr0347228.1	-314
FBtr0345380	-314
FBtr0345380.1	-314
FBtr0345670	-28
FBtr0345670.1	-28
FBtr0345657	-866
FBtr0345657.1	-866
FBtr0340074	-786
FBtr0340074.1	-786
FBtr0347233.2	-2
FBtr0347234.2	-2
FBtr0347233	-153
FBtr0347234	-153
FBtr0347234.1	-153
FBtr0347233.1	-153
FBtr0340080	-8
FBtr0340080.1	-8
FBtr0308765.3	-10
FBtr0308766.3	-10
FBtr0308765	-694
FBtr0308766	-694
FBtr0308765.2	-108
FBtr0308766.2	-108
FBtr0308765.1	-694
FBtr0308766.1	-694
FBtr0340132.3	-12
FBtr0344891.3	-12
FBtr0340132	-12
FBtr0344891	-12
FBtr0340132.2	-22
FBtr0344891.2	-22
FBtr0340132.1	-12
FBtr0344891.1	-12
FBtr0344931.2	-8
FBtr0344931	-43
FBtr0344931.1	-43
FBtr0344932.2	-4
FBtr0344932	-1935
FBtr0344932.1	-1935
FBtr0340130	-17918
FBtr0340130.1	-17918
FBtr0347531	-10
FBtr0347531.1	-10
FBtr0310349.3	-4
FBtr0310349	-73
FBtr0310349.2	-5
FBtr0310349.1	-73
FBtr0310348.2	-3
FBtr0310348	-24
FBtr0310348.1	-24
FBtr0339754.4	-2
FBtr0339754	-395
FBtr0339754.3	-2
FBtr0339754.2	-4
FBtr0339754.1	-395
FBtr0479968	-3191
FBtr0479968.1	-3191
FBtr0479967	-121
FBtr0479967.1	-121
FBtr0479966	-121
FBtr0479966.1	-121
FBtr0345480	-3191
FBtr0345480.1	-3191
FBtr0345792	-2879
FBtr0345792.1	-2879
FBtr0345793	-2970
FBtr0345793.1	-2970
FBtr0345645	-55
FBtr0345645.1	-55
FBtr0345625	-361
FBtr0345625.1	-361
FBtr0340334	-233
FBtr0340334.1	-233
FBtr0308920.2	-2
FBtr0308920	-325
FBtr0308920.1	-325
FBtr0347529.2	-573
FBtr0347530.2	-573
FBtr0347529	-695
FBtr0347530	-695
FBtr0347529.1	-695
FBtr0347530.1	-695
FBtr0340472.2	-2
FBtr0340472	-6
FBtr0340472.1	-6
FBtr0340538	-36
FBtr0340538.1	-36
FBtr0336982	-2
FBtr0336982.1	-2
FBtr0344610	-4
FBtr0344610.1	-4
FBtr0340598	-8350
FBtr0340598.1	-8350
FBtr0340597.2	-1
FBtr0340597	-6
FBtr0340597.1	-6
FBtr0340599	-351
FBtr0340599.1	-351
FBtr0340726	-21
FBtr0340726.1	-21
FBtr0340725	-71
FBtr0340725.1	-71
FBtr0340728	-47
FBtr0340728.1	-47
FBtr0342670	-6
FBtr0342670.1	-6
FBtr0308772	-151
FBtr0308772.1	-151
FBtr0342686	-2
FBtr0342686.1	-2
FBtr0475311	-26
FBtr0475311.1	-26
FBtr0479988.2	-5
FBtr0479988	-7
FBtr0479988.1	-7
FBtr0342689	-8
FBtr0342689.1	-8
FBtr0345870.2	-6
FBtr0345870	-105
FBtr0345870.1	-105
FBtr0332257	-552
FBtr0332257.1	-552
FBtr0342698	-334
FBtr0342698.1	-334
FBtr0342697	-52
FBtr0342697.1	-52
FBtr0342707	-5
FBtr0342707.1	-5
FBtr0344935.2	-3
FBtr0344935	-486
FBtr0344935.1	-486
FBtr0342901.2	-8
FBtr0342901	-2612
FBtr0342901.1	-2612
FBtr0344937.2	-10
FBtr0344936	-739
FBtr0344936.1	-739
FBtr0344937	-739
FBtr0344937.1	-739
FBtr0342902	-383
FBtr0342902.1	-383
FBtr0344938	-7
FBtr0344938.1	-7
FBtr0301177.3	-7
FBtr0301177	-25
FBtr0301177.2	-2
FBtr0301177.1	-25
FBtr0331959	-91
FBtr0331959.1	-91
FBtr0342964.2	-18
FBtr0342964	-207
FBtr0342964.1	-207
FBtr0342966	-358
FBtr0342966.1	-358
FBtr0346710	-358
FBtr0346710.1	-358
FBtr0334050	-7
FBtr0334050.1	-7
FBtr0334049	-189
FBtr0334049.1	-189
FBtr0344939.2	-11
FBtr0344939	-276
FBtr0344939.1	-276
FBtr0342993	-4
FBtr0342993.1	-4
FBtr0342994.2	-3
FBtr0342994	-171
FBtr0342994.1	-171
FBtr0342997.2	-21
FBtr0342998.2	-21
FBtr0342997	-241
FBtr0342998	-241
FBtr0342997.1	-241
FBtr0342998.1	-241
FBtr0345700	-1015
FBtr0345700.1	-1015
FBtr0342999	-4
FBtr0342999.1	-4
FBtr0344940.2	-241
FBtr0344940	-81
FBtr0344940.1	-81
FBtr0345701	-31
FBtr0345701.1	-31
FBtr0345501	-3
FBtr0345501.1	-3
FBtr0343004	-287
FBtr0343004.1	-287
FBtr0330250.2	-7
FBtr0330250	-112
FBtr0330250.1	-112
FBtr0345978	-231
FBtr0345978.1	-231
FBtr0308940.3	-14
FBtr0308940	-1635
FBtr0308941.3	-14
FBtr0308941	-1635
FBtr0308940.2	-39
FBtr0308941.2	-39
FBtr0308940.1	-1635
FBtr0308941.1	-1635
FBtr0343187	-44
FBtr0343187.1	-44
FBtr0343193.2	-4
FBtr0343193	-5
FBtr0343193.1	-5
FBtr0343194.2	-8
FBtr0343194	-3
FBtr0343194.1	-3
FBtr0340515	-8605
FBtr0340515.1	-8605
FBtr0343200	-6
FBtr0343200.1	-6
FBtr0336735	-26
FBtr0336735.1	-26
FBtr0331988	-55
FBtr0331988.1	-55
FBtr0331987.2	-4
FBtr0331987	-113
FBtr0331987.1	-113
FBtr0344929.2	-6
FBtr0344929	-434
FBtr0344929.1	-434
FBtr0345698.2	-4
FBtr0345698	-12
FBtr0345698.1	-12
FBtr0343261	-433
FBtr0343261.1	-433
FBtr0345790	-76
FBtr0345790.1	-76
FBtr0343343.2	-6
FBtr0343343	-80
FBtr0343343.1	-80
FBtr0343445	-8
FBtr0343445.1	-8
FBtr0339358	-2
FBtr0339358.1	-2
FBtr0343311.2	-13
FBtr0343311	-8989
FBtr0343311.1	-8989
FBtr0331957.2	-4
FBtr0331957	-44
FBtr0331957.1	-44
FBtr0343493	-58
FBtr0343493.1	-58
FBtr0309289.2	-6
FBtr0309289	-59
FBtr0309289.1	-59
FBtr0343500	-352
FBtr0343500.1	-352
FBtr0340638	-10
FBtr0340638.1	-10
FBtr0334095.2	-12
FBtr0334095	-30
FBtr0334095.1	-30
FBtr0345843	-8
FBtr0345843.1	-8
FBtr0345841	-216
FBtr0345841.1	-216
FBtr0346826	-179
FBtr0346826.1	-179
FBtr0344639	-611
FBtr0344639.1	-611
FBtr0345820	-4
FBtr0345820.1	-4
FBtr0091639	-44
FBtr0091639.1	-44
FBtr0347579.2	-6
FBtr0347579	-2
FBtr0347579.1	-2
FBtr0340639	-13
FBtr0340639.1	-13
FBtr0344638.2	-71
FBtr0344638	-2018
FBtr0344638.1	-2018
FBtr0308776.2	-173
FBtr0308775.2	-220
FBtr0308776	-1070
FBtr0308775	-7
FBtr0308776.1	-1070
FBtr0308775.1	-7
FBtr0345857	-4
FBtr0345857.1	-4
FBtr0331772.2	-249
FBtr0331772	-985
FBtr0331773	-985
FBtr0331773.1	-985
FBtr0331772.1	-985
FBtr0345081.6	-135
FBtr0345082.6	-135
FBtr0345083.7	-135
FBtr0345081	-522
FBtr0345082	-1891
FBtr0345083	-222
FBtr0345081.5	-135
FBtr0345082.5	-135
FBtr0345083.6	-135
FBtr0345081.4	-22
FBtr0345082.4	-22
FBtr0345083.5	-22
FBtr0345081.3	-34
FBtr0345082.3	-34
FBtr0345083.4	-34
FBtr0345081.2	-49
FBtr0345082.2	-49
FBtr0345083.3	-49
FBtr0345083.2	-522
FBtr0345081.1	-522
FBtr0345082.1	-1891
FBtr0345083.1	-222
FBtr0345041.2	-10
FBtr0345041	-10
FBtr0345041.1	-10
FBtr0343630.2	-10
FBtr0343630	-5
FBtr0343630.1	-5
FBtr0346835	-108
FBtr0346835.1	-108
FBtr0346837	-137
FBtr0346837.1	-137
FBtr0346838.2	-137
FBtr0346838	-5
FBtr0346838.1	-5
FBtr0300232.5	-23
FBtr0300232	-1203
FBtr0300232.4	-15
FBtr0300232.3	-17
FBtr0300232.2	-26
FBtr0300232.1	-1203
FBtr0347407	-35
FBtr0347407.1	-35
FBtr0346434	-1402
FBtr0346434.1	-1402
FBtr0346848	-2
FBtr0346848.1	-2
FBtr0340686	-9
FBtr0340686.1	-9
FBtr0346850	-115
FBtr0346850.1	-115
FBtr0340685	-46
FBtr0340685.1	-46
FBtr0340684	-46
FBtr0340684.1	-46
FBtr0346851	-8
FBtr0346851.1	-8
FBtr0345878	-1
FBtr0345878.1	-1
FBtr0345877	-3
FBtr0345877.1	-3
FBtr0347100	-104
FBtr0347100.1	-104
FBtr0346391	-47
FBtr0346391.1	-47
FBtr0340666.2	-10
FBtr0340666	-92
FBtr0340666.1	-92
FBtr0344345	-3
FBtr0344345.1	-3
FBtr0346841	-2901
FBtr0346841.1	-2901
FBtr0309510	-198
FBtr0309510.1	-198
FBtr0333283.3	-1
FBtr0333283	-861
FBtr0333283.2	-17
FBtr0333283.1	-861
FBtr0344306.2	-5
FBtr0344306	-11
FBtr0344306.1	-11
FBtr0345821	-67
FBtr0345821.1	-67
FBtr0333143.2	-10
FBtr0333143	-1289
FBtr0333143.1	-1289
FBtr0345869	-46
FBtr0345869.1	-46
FBtr0344314.2	-24
FBtr0344314	-2
FBtr0344314.1	-2
FBtr0346402	-15
FBtr0346402.1	-15
FBtr0340665.2	-16
FBtr0340665	-15
FBtr0340665.1	-15
FBtr0307363.2	-8
FBtr0307363	-811
FBtr0307363.1	-811
FBtr0346557	-272
FBtr0346557.1	-272
FBtr0339926	-4
FBtr0339926.1	-4
FBtr0346558	-123
FBtr0346558.1	-123
FBtr0347506.3	-16
FBtr0347506	-9
FBtr0342851.2	-16
FBtr0342851	-4
FBtr0342851.1	-4
FBtr0347506.2	-9
FBtr0347506.1	-9
FBtr0345903	-229
FBtr0345903.1	-229
FBtr0332743.2	-7
FBtr0332743	-47
FBtr0332743.1	-47
FBtr0346842	-370
FBtr0346842.1	-370
FBtr0309983.2	-8
FBtr0309983	-109
FBtr0309984.2	-2
FBtr0309984	-109
FBtr0309983.1	-109
FBtr0309984.1	-109
FBtr0332753.2	-12
FBtr0332753	-267
FBtr0332753.1	-267
FBtr0347476.2	-5
FBtr0347476	-9
FBtr0347476.1	-9
FBtr0308936.2	-9
FBtr0308936	-6
FBtr0308936.1	-6
FBtr0347103	-36
FBtr0347103.1	-36
FBtr0346561	-235
FBtr0346561.1	-235
FBtr0340644	-56
FBtr0340644.1	-56
FBtr0346549	-110
FBtr0346549.1	-110
FBtr0340646	-312
FBtr0340646.1	-312
FBtr0091638	-112
FBtr0091638.1	-112
FBtr0309787	-1727
FBtr0309787.1	-1727
FBtr0344248.2	-4
FBtr0344249.3	-4
FBtr0344248	-492
FBtr0344249	-492
FBtr0344249.2	-375
FBtr0344248.1	-492
FBtr0344249.1	-492
FBtr0345904	-8
FBtr0345904.1	-8
FBtr0345905	-357
FBtr0345905.1	-357
FBtr0347132	-16
FBtr0347132.1	-16
FBtr0345868	-64
FBtr0345868.1	-64
FBtr0346563	-3
FBtr0346563.1	-3
FBtr0340648	-59
FBtr0340648.1	-59
FBtr0345867	-83
FBtr0345867.1	-83
FBtr0344810.2	-3
FBtr0344810	-33
FBtr0344810.1	-33
FBtr0345866	-49
FBtr0345866.1	-49
FBtr0347097	-12
FBtr0347097.1	-12
FBtr0345865	-17
FBtr0345865.1	-17
FBtr0345050.2	-5
FBtr0345050	-58
FBtr0345050.1	-58
FBtr0340649	-6
FBtr0340649.1	-6
FBtr0346605	-4
FBtr0346605.1	-4
FBtr0344812.2	-8
FBtr0344811	-754
FBtr0344811.1	-754
FBtr0344812	-754
FBtr0344812.1	-754
FBtr0345863	-3
FBtr0345863.1	-3
FBtr0345861	-5
FBtr0345861.1	-5
FBtr0345858	-167
FBtr0345858.1	-167
FBtr0347131	-7
FBtr0347131.1	-7
FBtr0346854.2	-3
FBtr0346854	-113
FBtr0346854.1	-113
FBtr0346857	-34
FBtr0346857.1	-34
FBtr0340659.2	-4
FBtr0340659	-18
FBtr0340660	-18
FBtr0340660.1	-18
FBtr0340659.1	-18
FBtr0346947	-78
FBtr0346947.1	-78
FBtr0346914	-68
FBtr0346914.1	-68
FBtr0333950.3	-1
FBtr0333950	-248
FBtr0333950.2	-2
FBtr0333950.1	-248
FBtr0345854	-28
FBtr0345854.1	-28
FBtr0340662	-55
FBtr0340662.1	-55
FBtr0346845	-66
FBtr0346845.1	-66
FBtr0346919	-6
FBtr0346919.1	-6
FBtr0479705.4	-6
FBtr0479709.5	-6
FBtr0479706.5	-6
FBtr0479708.3	-10
FBtr0479707.3	-2
FBtr0479705	-818
FBtr0479706	-818
FBtr0479707	-818
FBtr0479708	-818
FBtr0479709	-818
FBtr0479705.3	-10
FBtr0479706.4	-10
FBtr0479709.4	-10
FBtr0479706.3	-14
FBtr0479709.3	-2
FBtr0479705.2	-2
FBtr0479706.2	-2
FBtr0479707.2	-2
FBtr0479708.2	-2
FBtr0479709.2	-2
FBtr0479705.1	-818
FBtr0479706.1	-818
FBtr0479707.1	-818
FBtr0479708.1	-818
FBtr0479709.1	-818
FBtr0347544	-4
FBtr0347544.1	-4
FBtr0346922	-4
FBtr0346922.1	-4
FBtr0344950.2	-1
FBtr0344950	-449
FBtr0344950.1	-449
FBtr0474096	-609
FBtr0474096.1	-609
FBtr0340692	-25
FBtr0340692.1	-25
FBtr0340691	-3
FBtr0340691.1	-3
FBtr0479690	-2
FBtr0479690.1	-2
FBtr0347130	-3840
FBtr0347130.1	-3840
FBtr0479724	-2
FBtr0479724.1	-2
FBtr0479694	-74
FBtr0479694.1	-74
FBtr0340693	-2
FBtr0340693.1	-2
FBtr0334101	-25
FBtr0334101.1	-25
FBtr0347507.2	-2
FBtr0347507	-5
FBtr0347507.1	-5
FBtr0344757	-3
FBtr0344757.1	-3
FBtr0339803	-3
FBtr0339803.1	-3
FBtr0345044.2	-71
FBtr0345044	-8
FBtr0345044.1	-8
FBtr0345048.2	-7
FBtr0345048	-34
FBtr0345048.1	-34
FBtr0346564	-6
FBtr0346564.1	-6
FBtr0334097	-1879
FBtr0334097.1	-1879
FBtr0347256	-216
FBtr0347256.1	-216
FBtr0345850	-1
FBtr0345850.1	-1
FBtr0342868	-31
FBtr0342868.1	-31
FBtr0342867	-6
FBtr0342867.1	-6
FBtr0342866	-3
FBtr0342866.1	-3
FBtr0342865	-7
FBtr0342865.1	-7
FBtr0342875	-6
FBtr0342875.1	-6
FBtr0343037	-63
FBtr0343037.1	-63
FBtr0343036	-103
FBtr0343036.1	-103
FBtr0345412	-1159
FBtr0345412.1	-1159
FBtr0344645.2	-4
FBtr0344645	-582
FBtr0344645.1	-582
FBtr0340699	-16
FBtr0340699.1	-16
FBtr0347255	-4
FBtr0347255.1	-4
FBtr0346404	-3
FBtr0346404.1	-3
FBtr0345913	-3
FBtr0345913.1	-3
FBtr0346403	-6
FBtr0346403.1	-6
FBtr0345914	-6
FBtr0345914.1	-6
FBtr0344953	-8
FBtr0344953.1	-8
FBtr0346939	-358
FBtr0346939.1	-358
FBtr0346934	-4
FBtr0346934.1	-4
FBtr0347179	-10
FBtr0347179.1	-10
FBtr0346927.2	-15
FBtr0346927	-5
FBtr0346927.1	-5
FBtr0346565	-6
FBtr0346565.1	-6
FBtr0344637	-4
FBtr0344637.1	-4
FBtr0347537	-3
FBtr0347537.1	-3
FBtr0346386	-5
FBtr0346386.1	-5
FBtr0340701	-35
FBtr0340701.1	-35
FBtr0345043.2	-94609
FBtr0345043	-2930
FBtr0345043.1	-2930
FBtr0309061.4	-5
FBtr0309061	-17332
FBtr0309061.3	-4
FBtr0309061.2	-5
FBtr0309061.1	-17332
FBtr0347581.2	-49
FBtr0347581	-49
FBtr0347581.1	-49
FBtr0346567	-38
FBtr0346567.1	-38
FBtr0345916	-8
FBtr0345916.1	-8
FBtr0345049	-175
FBtr0345049.1	-175
FBtr0344952.2	-2
FBtr0344952	-20
FBtr0344952.1	-20
FBtr0310106	-112
FBtr0310106.1	-112
FBtr0340704	-8
FBtr0340704.1	-8
FBtr0344626	-12
FBtr0344626.1	-12
FBtr0344628	-2
FBtr0344628.1	-2
FBtr0344627	-37
FBtr0344627.1	-37
FBtr0333131.2	-10
FBtr0333132.2	-10
FBtr0333131	-5
FBtr0333132	-5
FBtr0333131.1	-5
FBtr0333132.1	-5
FBtr0346599	-14
FBtr0346599.1	-14
FBtr0346598	-4
FBtr0346598.1	-4
FBtr0347495.2	-6
FBtr0347495	-1950
FBtr0346597.2	-6
FBtr0346597	-1950
FBtr0333130.2	-6
FBtr0333130	-1950
FBtr0333130.1	-1950
FBtr0346597.1	-1950
FBtr0347495.1	-1950
FBtr0345415	-5
FBtr0345415.1	-5
FBtr0340712	-453
FBtr0340712.1	-453
FBtr0340713	-26
FBtr0340713.1	-26
FBtr0340714.2	-6
FBtr0340714	-196
FBtr0340714.1	-196
FBtr0346933	-506
FBtr0346933.1	-506
FBtr0346847	-180
FBtr0346847.1	-180
FBtr0304128	-18
FBtr0304128.1	-18
FBtr0347296.2	-15
FBtr0347296	-50
FBtr0347296.1	-50
FBtr0346932	-4
FBtr0346932.1	-4
FBtr0345840	-188
FBtr0345840.1	-188
FBtr0340716	-66
FBtr0340716.1	-66
FBtr0344868.2	-2
FBtr0344868	-155
FBtr0344868.1	-155
FBtr0345393	-103
FBtr0345393.1	-103
FBtr0347206	-9
FBtr0347206.1	-9
FBtr0346931	-26
FBtr0346931.1	-26
FBtr0345839	-26
FBtr0345839.1	-26
FBtr0309066.2	-64
FBtr0309066	-932444
FBtr0309065	-932444
FBtr0309065.1	-932444
FBtr0309066.1	-932444
FBtr0310484	-12419
FBtr0310484.1	-12419
FBtr0333938.3	-64
FBtr0333938	-30027
FBtr0333938.2	-7
FBtr0333938.1	-30027
FBtr0333936.2	-5
FBtr0333936	-5041
FBtr0333936.1	-5041
FBtr0305611.2	-3
FBtr0305611	-6
FBtr0305611.1	-6
FBtr0334745	-922
FBtr0334745.1	-922
FBtr0334744	-6
FBtr0334744.1	-6
FBtr0344585	-366
FBtr0344585.1	-366
FBtr0344584	-24
FBtr0344584.1	-24
FBtr0346601	-101
FBtr0346601.1	-101
FBtr0345889.2	-5
FBtr0345889	-30
FBtr0345890	-30
FBtr0345890.1	-30
FBtr0345889.1	-30
FBtr0346396	-9
FBtr0346396.1	-9
FBtr0346923.2	-177
FBtr0346924.2	-177
FBtr0346923	-1783
FBtr0346924	-1783
FBtr0346923.1	-1783
FBtr0346924.1	-1783
FBtr0346913	-749
FBtr0346913.1	-749
FBtr0345401	-20
FBtr0345401.1	-20
FBtr0346964	-37
FBtr0346964.1	-37
FBtr0347509.2	-2
FBtr0347509	-287
FBtr0347509.1	-287
FBtr0346602	-11
FBtr0346602.1	-11
FBtr0344640.2	-1
FBtr0344640	-738
FBtr0344640.1	-738
FBtr0345887	-101
FBtr0345887.1	-101
FBtr0340719.2	-8
FBtr0340719	-4
FBtr0340719.1	-4
FBtr0445670	-17327
FBtr0445670.1	-17327
FBtr0345040.2	-61640
FBtr0345040	-111
FBtr0345039	-111
FBtr0345039.1	-111
FBtr0345040.1	-111
FBtr0340722	-2
FBtr0340722.1	-2
FBtr0091663	-149
FBtr0091663.1	-149
FBtr0342747	-2
FBtr0342747.1	-2
FBtr0345835	-13
FBtr0345835.1	-13
FBtr0346997	-21
FBtr0346997.1	-21
FBtr0346996	-105
FBtr0346996.1	-105
FBtr0344581.3	-7
FBtr0344581	-104
FBtr0344581.2	-2
FBtr0344581.1	-104
FBtr0306733.2	-29
FBtr0306733	-29
FBtr0306733.1	-29
FBtr0342748	-73
FBtr0342748.1	-73
FBtr0347044	-809
FBtr0347044.1	-809
FBtr0347092	-12
FBtr0347092.1	-12
FBtr0473373	-15
FBtr0473373.1	-15
FBtr0347510	-46
FBtr0347510.1	-46
FBtr0342750	-8
FBtr0342750.1	-8
FBtr0342749	-24
FBtr0342749.1	-24
FBtr0334058	-4
FBtr0334058.1	-4
FBtr0347046	-261
FBtr0347046.1	-261
FBtr0347047.3	-17
FBtr0347047	-59776
FBtr0347047.2	-12
FBtr0347047.1	-59776
FBtr0346984.2	-4
FBtr0346986.2	-4
FBtr0346985.2	-4
FBtr0346984	-159
FBtr0346985	-159
FBtr0346986	-159
FBtr0479722.3	-4
FBtr0479722	-159
FBtr0479723.3	-4
FBtr0479723	-159
FBtr0346986.1	-159
FBtr0479722.2	-334
FBtr0479723.2	-334
FBtr0346984.1	-159
FBtr0346985.1	-159
FBtr0479722.1	-159
FBtr0479723.1	-159
FBtr0347048	-41
FBtr0347048.1	-41
FBtr0347049	-8
FBtr0347049.1	-8
FBtr0332795.2	-6
FBtr0332796.2	-6
FBtr0332795	-12
FBtr0332796	-12
FBtr0332795.1	-12
FBtr0332796.1	-12
FBtr0347254	-52
FBtr0347254.1	-52
FBtr0472918.4	-1
FBtr0472918	-6221
FBtr0472918.3	-2
FBtr0075000.3	-2
FBtr0472919.2	-2
FBtr0075000	-6221
FBtr0472919	-6221
FBtr0075000.2	-4
FBtr0472918.2	-4
FBtr0472919.1	-6221
FBtr0075000.1	-6221
FBtr0472918.1	-6221
FBtr0346551.2	-4
FBtr0346551	-3
FBtr0346551.1	-3
FBtr0472920.3	-35
FBtr0472920	-6
FBtr0472920.2	-24
FBtr0472920.1	-6
FBtr0472921.4	-13
FBtr0472922.3	-13
FBtr0472923.2	-13
FBtr0472921	-512
FBtr0472922	-512
FBtr0472923	-512
FBtr0472921.3	-3
FBtr0472922.2	-3
FBtr0472921.2	-26
FBtr0472921.1	-512
FBtr0472922.1	-512
FBtr0472923.1	-512
FBtr0346550	-2
FBtr0346550.1	-2
FBtr0342759.3	-3
FBtr0342759	-92
FBtr0342759.2	-210
FBtr0342759.1	-92
FBtr0342758	-445
FBtr0342758.1	-445
FBtr0342760	-43
FBtr0342760.1	-43
FBtr0304110	-48595
FBtr0304110.1	-48595
FBtr0347178	-3
FBtr0347178.1	-3
FBtr0332778.4	-3
FBtr0332779.2	-3
FBtr0344956.3	-3
FBtr0332778	-3952
FBtr0332779	-3952
FBtr0344956	-3952
FBtr0332778.3	-13
FBtr0344956.2	-4
FBtr0332779.1	-3952
FBtr0332778.2	-4
FBtr0332778.1	-3952
FBtr0344956.1	-3952
FBtr0344582.2	-5
FBtr0344582	-4
FBtr0344582.1	-4
FBtr0332776.2	-31
FBtr0332776	-22
FBtr0332776.1	-22
FBtr0333481	-17
FBtr0333481.1	-17
FBtr0346407	-193
FBtr0346407.1	-193
FBtr0452191	-4
FBtr0452191.1	-4
FBtr0342782	-41
FBtr0342782.1	-41
FBtr0342780	-232
FBtr0342780.1	-232
FBtr0342781.2	-8
FBtr0342781	-26
FBtr0342781.1	-26
FBtr0333483	-62
FBtr0333483.1	-62
FBtr0321301.2	-3
FBtr0321301	-7
FBtr0321301.1	-7
FBtr0321300.2	-3
FBtr0321300	-119
FBtr0321300.1	-119
FBtr0345827	-86
FBtr0345827.1	-86
FBtr0347051	-115
FBtr0347051.1	-115
FBtr0342762	-12
FBtr0342762.1	-12
FBtr0333282.2	-2
FBtr0333282	-223
FBtr0333282.1	-223
FBtr0333281.2	-8
FBtr0333281	-1651
FBtr0333281.1	-1651
FBtr0345403	-9
FBtr0345403.1	-9
FBtr0346822	-264
FBtr0346822.1	-264
FBtr0346405	-166
FBtr0346405.1	-166
FBtr0347297.2	-4
FBtr0347297	-1
FBtr0347297.1	-1
FBtr0333457.3	-59
FBtr0333457	-3802
FBtr0333457.2	-3
FBtr0472835	-12
FBtr0472835.1	-12
FBtr0333457.1	-3802
FBtr0347058	-13
FBtr0347058.1	-13
FBtr0347059	-56
FBtr0347059.1	-56
FBtr0346995	-28170
FBtr0346995.1	-28170
FBtr0347071	-159
FBtr0347071.1	-159
FBtr0332737.2	-2
FBtr0332737	-36
FBtr0332737.1	-36
FBtr0347072	-45
FBtr0347072.1	-45
FBtr0346824	-76
FBtr0346824.1	-76
FBtr0347088	-7
FBtr0347088.1	-7
FBtr0344307.2	-12
FBtr0344307	-64
FBtr0344307.1	-64
FBtr0347073.2	-7
FBtr0347073	-105
FBtr0347073.1	-105
FBtr0347077.2	-29
FBtr0347077	-1368
FBtr0347078	-33
FBtr0347078.1	-33
FBtr0347077.1	-1368
FBtr0345397	-23
FBtr0345397.1	-23
FBtr0347079	-4
FBtr0347079.1	-4
FBtr0345824	-89
FBtr0345824.1	-89
FBtr0345881	-66
FBtr0345881.1	-66
FBtr0473374	-291
FBtr0473374.1	-291
FBtr0306851.2	-73
FBtr0306851	-4146
FBtr0306851.1	-4146
FBtr0347522.3	-6
FBtr0347522	-6
FBtr0347522.2	-4
FBtr0347522.1	-6
FBtr0347085	-52
FBtr0347085.1	-52
FBtr0347086	-211
FBtr0347086.1	-211
FBtr0342775	-154
FBtr0342775.1	-154
FBtr0333905.2	-4
FBtr0333905	-260
FBtr0333905.1	-260
FBtr0345051	-11
FBtr0345051.1	-11
FBtr0346555	-1
FBtr0346555.1	-1
FBtr0333471.2	-2
FBtr0333471	-12
FBtr0333471.1	-12
FBtr0334764.2	-2
FBtr0334764	-7
FBtr0334764.1	-7
FBtr0344954.2	-3
FBtr0344954	-112
FBtr0344954.1	-112
FBtr0479981.3	
FBtr0479980.2	-4
FBtr0479980	-824
FBtr0479981	-824
FBtr0479981.2	-4
FBtr0479980.1	-824
FBtr0479981.1	-824
FBtr0345054.2	-2
FBtr0345054	-12
FBtr0345054.1	-12
FBtr0345061.2	-1762
FBtr0345061	-1762
FBtr0345061.1	-1762
FBtr0347580.3	-3
FBtr0347580	-432
FBtr0347580.2	-4
FBtr0347580.1	-432
FBtr0479973.2	
FBtr0479973	-2
FBtr0479973.1	-2
FBtr0347367	-1
FBtr0347367.1	-1
FBtr0347366	-4
FBtr0347366.1	-4
FBtr0345282.2	-1
FBtr0345282	-1
FBtr0345281	-1
FBtr0345281.1	-1
FBtr0345282.1	-1
FBtr0347386	-2
FBtr0347386.1	-2
FBtr0114267.3	-1
FBtr0114267	-1
FBtr0114267.2	-1
FBtr0114267.1	-1
FBtr0347586.2	-2
FBtr0347586	-50
FBtr0347586.1	-50
FBtr0346235	-1373
FBtr0346235.1	-1373
FBtr0345153.2	-7
FBtr0345153	-151
FBtr0345153.1	-151
FBtr0347383	-55
FBtr0347383.1	-55
FBtr0346214.4	-4
FBtr0346214	-6
FBtr0346214.3	-93
FBtr0346214.2	-15
FBtr0346214.1	-6
FBtr0339604.3	-8
FBtr0339605.2	-8
FBtr0339604	-10382
FBtr0339605	-10382
FBtr0339604.2	-16
FBtr0339604.1	-10382
FBtr0339605.1	-10382
FBtr0473385	-64
FBtr0473385.1	-64
FBtr0336465.2	-39
FBtr0336465	-29
FBtr0336465.1	-29
FBtr0336464	-354
FBtr0336464.1	-354
FBtr0343891	-3
FBtr0343891.1	-3
FBtr0308777.2	-163
FBtr0308777	-9
FBtr0308777.1	-9
FBtr0473376	-141
FBtr0473376.1	-141
FBtr0309991.2	-16
FBtr0309991	-2
FBtr0309991.1	-2
FBtr0346246	-95
FBtr0346246.1	-95
FBtr0346781	-446
FBtr0346781.1	-446
FBtr0474093	-53
FBtr0474093.1	-53
FBtr0473392	-24
FBtr0473392.1	-24
FBtr0347380	-6
FBtr0347380.1	-6
FBtr0347379	-22
FBtr0347379.1	-22
FBtr0345152.2	-7
FBtr0345151.2	-7
FBtr0345151	-1704
FBtr0345152	-1704
FBtr0345151.1	-1704
FBtr0345152.1	-1704
FBtr0343896.2	-12
FBtr0343896	-8
FBtr0343896.1	-8
FBtr0347516.2	-6
FBtr0347516	-11
FBtr0347516.1	-11
FBtr0343897	-238
FBtr0343897.1	-238
FBtr0343898.2	-4
FBtr0343898	-715
FBtr0343899.2	-6
FBtr0343899	-715
FBtr0343898.1	-715
FBtr0343899.1	-715
FBtr0347026.2	-2
FBtr0347026	-2
FBtr0309515	-29
FBtr0309515.1	-29
FBtr0347026.1	-2
FBtr0309513.2	-3
FBtr0309513	-759
FBtr0309514	-759
FBtr0309514.1	-759
FBtr0309513.1	-759
FBtr0334323	-241
FBtr0334323.1	-241
FBtr0091948.2	-16
FBtr0091948	-32965
FBtr0091948.1	-32965
FBtr0346239.2	-20
FBtr0346240	-80
FBtr0346240.1	-80
FBtr0346239	-449
FBtr0346239.1	-449
FBtr0309070	-108
FBtr0309070.1	-108
FBtr0334273.2	-75
FBtr0334273	-736293
FBtr0334273.1	-736293
FBtr0302398	-46
FBtr0302398.1	-46
FBtr0346976	-174
FBtr0346976.1	-174
FBtr0346975	-362
FBtr0346975.1	-362
FBtr0346974	-87
FBtr0346974.1	-87
FBtr0343901.2	-12
FBtr0343901	-3017
FBtr0343901.1	-3017
FBtr0346215	-86577
FBtr0346215.1	-86577
FBtr0343902.2	-5
FBtr0343902	-6
FBtr0343902.1	-6
FBtr0344599.2	-5
FBtr0344599	-275
FBtr0344599.1	-275
FBtr0346979	-204
FBtr0346979.1	-204
FBtr0310485.3	-17
FBtr0310486.3	-17
FBtr0310485	-4422
FBtr0310486	-4422
FBtr0310485.2	-73
FBtr0310486.2	-73
FBtr0310485.1	-4422
FBtr0310486.1	-4422
FBtr0346980.2	-5
FBtr0346980	-76
FBtr0346980.1	-76
FBtr0339733	-208
FBtr0339733.1	-208
FBtr0339732	-377
FBtr0339732.1	-377
FBtr0339730	-86
FBtr0339730.1	-86
FBtr0343904	-90
FBtr0343904.1	-90
FBtr0347374	-1
FBtr0347374.1	-1
FBtr0339727	-7
FBtr0339727.1	-7
FBtr0347521.2	-10
FBtr0347521	-124
FBtr0347521.1	-124
FBtr0347371	-69
FBtr0347371.1	-69
FBtr0347389.2	-11
FBtr0347388	-10
FBtr0347388.1	-10
FBtr0347389	-10
FBtr0347389.1	-10
FBtr0347387	-2
FBtr0347387.1	-2
FBtr0339726.2	-4
FBtr0345278.2	-4
FBtr0339726	-407
FBtr0345278	-407
FBtr0345278.1	-407
FBtr0339726.1	-407
FBtr0306836.2	-12
FBtr0306836	-550
FBtr0306837	-550
FBtr0306837.1	-550
FBtr0306836.1	-550
FBtr0346205	-522
FBtr0346205.1	-522
FBtr0346204.2	-5
FBtr0346204	-163
FBtr0346204.1	-163
FBtr0347370	-5
FBtr0347370.1	-5
FBtr0347369	-5
FBtr0347369.1	-5
FBtr0339329.3	-28
FBtr0339329	-1063
FBtr0339329.2	-22
FBtr0339329.1	-1063
FBtr0343907.2	-6
FBtr0343907	-24
FBtr0343907.1	-24
FBtr0334330.2	-10
FBtr0334330	-176
FBtr0334330.1	-176
FBtr0306834.2	-3
FBtr0306833	-1745
FBtr0306833.1	-1745
FBtr0306834	-1745
FBtr0306834.1	-1745
FBtr0345304.2	-8
FBtr0345304	-337
FBtr0345304.1	-337
FBtr0301176.2	-88
FBtr0301248.2	-88
FBtr0301249.2	-88
FBtr0301250.2	-88
FBtr0301248	-82656
FBtr0301249	-70026
FBtr0301250	-70026
FBtr0301176	-70026
FBtr0301248.1	-82656
FBtr0301250.1	-70026
FBtr0301249.1	-70026
FBtr0301176.1	-70026
FBtr0473384	-5139
FBtr0473384.1	-5139
FBtr0344395.2	-20
FBtr0344394	-34
FBtr0344394.1	-34
FBtr0344395	-34
FBtr0344395.1	-34
FBtr0304109	-817
FBtr0304109.1	-817
FBtr0347390	-164
FBtr0347390.1	-164
FBtr0347391	-164
FBtr0347391.1	-164
FBtr0334683.2	-3
FBtr0334683	-143
FBtr0334683.1	-143
FBtr0304027.2	-6
FBtr0304027	-220
FBtr0304027.1	-220
FBtr0344328.2	-136
FBtr0344328	-212
FBtr0344328.1	-212
FBtr0336807.3	-1278
FBtr0336808.5	-1278
FBtr0336807	-6313
FBtr0336808	-6313
FBtr0336808.4	-8
FBtr0336807.2	-8
FBtr0336808.3	-9
FBtr0336807.1	-6313
FBtr0336808.2	-9
FBtr0336808.1	-6313
FBtr0345305.2	-3
FBtr0345305	-25
FBtr0345305.1	-25
FBtr0343908.2	
FBtr0343908	
FBtr0343908.1	
FBtr0343910	-22
FBtr0343910.1	-22
FBtr0346258.2	-10
FBtr0346258	-8
FBtr0346258.1	-8
FBtr0344135.2	-9
FBtr0344135	-335
FBtr0344136	-335
FBtr0344136.1	-335
FBtr0344135.1	-335
FBtr0345150.2	-2
FBtr0345150	-30
FBtr0345150.1	-30
FBtr0346257	-31
FBtr0346257.1	-31
FBtr0346256	-6
FBtr0346256.1	-6
FBtr0347161	-1
FBtr0347161.1	-1
FBtr0343911.2	-4
FBtr0343911	-15
FBtr0343911.1	-15
FBtr0303864.2	-71
FBtr0303864	-170
FBtr0303864.1	-170
FBtr0306729.3	-19
FBtr0345159.2	-82
FBtr0306729	-17789
FBtr0345159	-17789
FBtr0306728.2	-82
FBtr0306728	-17789
FBtr0306729.2	-82
FBtr0306728.1	-17789
FBtr0306729.1	-17789
FBtr0345159.1	-17789
FBtr0308921.5	-4
FBtr0308921	-1665
FBtr0308921.4	-2
FBtr0308921.3	-4
FBtr0308921.2	-4
FBtr0308921.1	-1665
FBtr0452185	-84
FBtr0452185.1	-84
FBtr0347164	-6
FBtr0347164.1	-6
FBtr0347163	-45
FBtr0347163.1	-45
FBtr0335437	-10
FBtr0335437.1	-10
FBtr0347482.2	-1
FBtr0347482	-7
FBtr0347482.1	-7
FBtr0091665	-42115
FBtr0091665.1	-42115
FBtr0082678.2	
FBtr0082678	
FBtr0082678.1	
FBtr0347170	-8
FBtr0347170.1	-8
FBtr0347171	-537
FBtr0347171.1	-537
FBtr0343914.2	-1
FBtr0343914	-255
FBtr0343914.1	-255
FBtr0347172	-136
FBtr0347172.1	-136
FBtr0473375	-60
FBtr0473375.1	-60
FBtr0346248	-13
FBtr0346248.1	-13
FBtr0347534	-26
FBtr0347534.1	-26
FBtr0337086	-406
FBtr0337086.1	-406
FBtr0346247	-14
FBtr0346247.1	-14
FBtr0337092	-7
FBtr0337092.1	-7
FBtr0337090	-37
FBtr0337090.1	-37
FBtr0337089	-37
FBtr0337089.1	-37
FBtr0347173	-4
FBtr0347173.1	-4
FBtr0344731.3	-22
FBtr0344731	-35557
FBtr0344731.2	-88
FBtr0344731.1	-35557
FBtr0346243	-5
FBtr0346243.1	-5
FBtr0303300	-311
FBtr0303300.1	-311
FBtr0346410	-7
FBtr0346410.1	-7
FBtr0309273.3	-4
FBtr0309273	-20234
FBtr0309273.2	-3
FBtr0473378.5	-6
FBtr0473378	-20234
FBtr0473378.4	-12
FBtr0473378.3	-6
FBtr0473378.2	-30
FBtr0309273.1	-20234
FBtr0473378.1	-20234
FBtr0346414	-233
FBtr0346414.1	-233
FBtr0346238	-36
FBtr0346238.1	-36
FBtr0308934.3	-3
FBtr0308934	-44
FBtr0308934.2	-6
FBtr0308934.1	-44
FBtr0346244	-2
FBtr0346244.1	-2
FBtr0347535	-94
FBtr0347535.1	-94
FBtr0473391	-3076
FBtr0473391.1	-3076
FBtr0337098.3	-1
FBtr0337098	-4
FBtr0337098.2	-8
FBtr0337098.1	-4
FBtr0343915	-154
FBtr0343915.1	-154
FBtr0336796.2	-10
FBtr0336796	-1761
FBtr0336796.1	-1761
FBtr0347177	-31
FBtr0347177.1	-31
FBtr0347423	-61
FBtr0347423.1	-61
FBtr0347180	-75
FBtr0347180.1	-75
FBtr0346234	-20
FBtr0346234.1	-20
FBtr0346233	-27
FBtr0346233.1	-27
FBtr0346232.3	-7
FBtr0346232	-16
FBtr0346232.2	-28
FBtr0346232.1	-16
FBtr0309300.2	-2
FBtr0309300	-6
FBtr0309300.1	-6
FBtr0347305	-14
FBtr0347305.1	-14
FBtr0346982	-6080
FBtr0346982.1	-6080
FBtr0346983	-4969
FBtr0346983.1	-4969
FBtr0474092	-7
FBtr0474092.1	-7
FBtr0345234	-28
FBtr0345234.1	-28
FBtr0346928	-272
FBtr0346928.1	-272
FBtr0345239	-177
FBtr0345239.1	-177
FBtr0479948.2	-19
FBtr0479947	-71
FBtr0479947.1	-71
FBtr0479948	-71
FBtr0479948.1	-71
FBtr0347202	-184
FBtr0347202.1	-184
FBtr0309032.2	-5
FBtr0309032	-16605
FBtr0303861.2	-5
FBtr0303861	-16605
FBtr0309032.1	-16605
FBtr0303861.1	-16605
FBtr0345240.2	-9
FBtr0345240	-14982
FBtr0345240.1	-14982
FBtr0309304.2	-7
FBtr0309304	-4
FBtr0309304.1	-4
FBtr0346357.2	-182
FBtr0346357	-112
FBtr0346357.1	-112
FBtr0346356	-4142
FBtr0346356.1	-4142
FBtr0345155.2	-2
FBtr0345155	-127
FBtr0345155.1	-127
FBtr0347203	-10
FBtr0347203.1	-10
FBtr0347204	-60
FBtr0347204.1	-60
FBtr0083341.3	-4
FBtr0083341	-92738
FBtr0083342.3	-3
FBtr0083343.3	-3
FBtr0083344.2	-3
FBtr0083344	-3
FBtr0083343	-5
FBtr0083342	-92738
FBtr0083343.2	-8
FBtr0083344.1	-3
FBtr0083343.1	-5
FBtr0083341.2	-5
FBtr0083342.2	-5
FBtr0083341.1	-92738
FBtr0083342.1	-92738
FBtr0306338.7	-13
FBtr0306339.7	-13
FBtr0306340.8	-13
FBtr0309897.8	-13
FBtr0336887.7	-13
FBtr0336888.7	-13
FBtr0336889.7	-13
FBtr0336890.4	-13
FBtr0336891.4	-13
FBtr0336891	-8840
FBtr0336890	-8840
FBtr0336889	-377
FBtr0336888	-377
FBtr0306338	-68
FBtr0306339	-68
FBtr0336887	-3353
FBtr0309897	-5656
FBtr0306340	-2625
FBtr0306338.6	-6
FBtr0306339.6	-6
FBtr0306340.7	-6
FBtr0309897.7	-6
FBtr0336887.6	-6
FBtr0336888.6	-6
FBtr0336889.6	-6
FBtr0336890.3	-6
FBtr0336891.3	-6
FBtr0336894.7	-4
FBtr0336894	-2625
FBtr0336893.7	-7
FBtr0336893	-2625
FBtr0306338.5	-8
FBtr0306339.5	-8
FBtr0306340.6	-8
FBtr0309897.6	-8
FBtr0336887.5	-8
FBtr0336888.5	-8
FBtr0336889.5	-8
FBtr0336890.2	-8
FBtr0336891.2	-8
FBtr0336893.6	-8
FBtr0336894.6	-8
FBtr0336891.1	-8840
FBtr0336890.1	-8840
FBtr0336892.6	-20
FBtr0336892	-2625
FBtr0306338.4	-7
FBtr0306339.4	-7
FBtr0306340.5	-7
FBtr0309897.5	-7
FBtr0336887.4	-7
FBtr0336888.4	-7
FBtr0336889.4	-7
FBtr0336892.5	-7
FBtr0336893.5	-7
FBtr0336894.5	-7
FBtr0306339.3	-7
FBtr0306338.3	-7
FBtr0306340.4	-7
FBtr0309897.4	-7
FBtr0336887.3	-7
FBtr0336888.3	-7
FBtr0336889.3	-7
FBtr0336892.4	-7
FBtr0336893.4	-7
FBtr0336894.4	-7
FBtr0306338.2	-5
FBtr0306339.2	-5
FBtr0306340.3	-5
FBtr0309897.3	-5
FBtr0336887.2	-5
FBtr0336888.2	-5
FBtr0336889.2	-5
FBtr0336892.3	-5
FBtr0336893.3	-5
FBtr0336894.3	-5
FBtr0336889.1	-377
FBtr0336888.1	-377
FBtr0306338.1	-68
FBtr0306339.1	-68
FBtr0336887.1	-3353
FBtr0306340.2	-13
FBtr0309897.2	-13
FBtr0336892.2	-13
FBtr0336893.2	-13
FBtr0336894.2	-13
FBtr0309897.1	-5656
FBtr0306340.1	-2625
FBtr0336892.1	-2625
FBtr0336893.1	-2625
FBtr0336894.1	-2625
FBtr0346241	
FBtr0346241.1	
FBtr0345241	
FBtr0345241.1	
FBtr0337099	-33
FBtr0337099.1	-33
FBtr0339172.2	-6
FBtr0339172	-7
FBtr0339172.1	-7
FBtr0309518.2	-1
FBtr0309518	-593
FBtr0309518.1	-593
FBtr0339169	-35
FBtr0339169.1	-35
FBtr0344657.2	-12
FBtr0344657	-161
FBtr0344657.1	-161
FBtr0336488.3	-8
FBtr0336488	-121
FBtr0336488.2	-41
FBtr0336488.1	-121
FBtr0347242	-13
FBtr0347242.1	-13
FBtr0339805.2	-47
FBtr0339805	-47
FBtr0339805.1	-47
FBtr0347220.2	-9
FBtr0347220	-10672
FBtr0345310.2	-9
FBtr0345310	-10672
FBtr0345310.1	-10672
FBtr0347220.1	-10672
FBtr0344671	-61
FBtr0344671.1	-61
FBtr0344325	-35
FBtr0344325.1	-35
FBtr0347116.4	-4
FBtr0347116	-5
FBtr0347116.3	-5
FBtr0347116.2	-3
FBtr0347116.1	-5
FBtr0346327	-2
FBtr0346327.1	-2
FBtr0344589.2	-2
FBtr0344589	-569
FBtr0344589.1	-569
FBtr0336791.3	-5
FBtr0336792.3	-5
FBtr0345277.3	-5
FBtr0336791	-2962
FBtr0336792	-2962
FBtr0345277	-2962
FBtr0472838	-5
FBtr0472838.1	-5
FBtr0336791.2	-10
FBtr0345277.2	-10
FBtr0336792.2	-10
FBtr0336791.1	-2962
FBtr0336792.1	-2962
FBtr0345277.1	-2962
FBtr0309519.2	-2
FBtr0309520.2	-2
FBtr0309519	
FBtr0309520	
FBtr0309521	
FBtr0309521.1	
FBtr0309519.1	
FBtr0309520.1	
FBtr0344357.2	-7
FBtr0344357	-22
FBtr0344357.1	-22
FBtr0344356.2	-9
FBtr0344356	-22
FBtr0344356.1	-22
FBtr0306727.2	-8
FBtr0308067.2	-8
FBtr0308068.2	-8
FBtr0306727	-1022
FBtr0308067	-1022
FBtr0308068	-1022
FBtr0472836	-2
FBtr0472836.1	-2
FBtr0306726.2	-8
FBtr0306726	-1022
FBtr0306726.1	-1022
FBtr0308067.1	-1022
FBtr0306727.1	-1022
FBtr0308068.1	-1022
FBtr0303855.3	-6
FBtr0303856.2	-6
FBtr0303855	-212
FBtr0303856	-212
FBtr0303855.2	-3
FBtr0303856.1	-212
FBtr0303855.1	-212
FBtr0347250	-17
FBtr0347250.1	-17
FBtr0340194	-81
FBtr0340194.1	-81
FBtr0334726	-14
FBtr0334726.1	-14
FBtr0343919.2	-1
FBtr0343919	-4
FBtr0343919.1	-4
FBtr0347252	-96
FBtr0347252.1	-96
FBtr0344338.2	-353
FBtr0344338	-16
FBtr0344338.1	-16
FBtr0339196	-16
FBtr0339196.1	-16
FBtr0347253	-111
FBtr0347253.1	-111
FBtr0334914	-6
FBtr0334914.1	-6
FBtr0344588	-18
FBtr0344588.1	-18
FBtr0307362.4	-3
FBtr0307362	-56
FBtr0307362.3	-2
FBtr0307362.2	-4
FBtr0307362.1	-56
FBtr0334680.2	-28
FBtr0334679	-305
FBtr0334679.1	-305
FBtr0334680	-305
FBtr0334680.1	-305
FBtr0343762	-88
FBtr0343762.1	-88
FBtr0346361	-6
FBtr0346361.1	-6
FBtr0346360	-134
FBtr0346360.1	-134
FBtr0344350.2	-1
FBtr0344349	-2
FBtr0344349.1	-2
FBtr0344350	-9
FBtr0344350.1	-9
FBtr0345327.2	-10
FBtr0345327	-237
FBtr0345327.1	-237
FBtr0334815.4	-1610
FBtr0334815	-15
FBtr0334815.3	-9
FBtr0334815.2	-3
FBtr0334815.1	-15
FBtr0310109	-692
FBtr0310109.1	-692
FBtr0310108.2	-13
FBtr0310108	-130
FBtr0310108.1	-130
FBtr0339806	-170
FBtr0339806.1	-170
FBtr0332548	-209
FBtr0332548.1	-209
FBtr0310111.2	-1
FBtr0310111	-34
FBtr0310111.1	-34
FBtr0337070	-104
FBtr0337070.1	-104
FBtr0347323	-78
FBtr0347323.1	-78
FBtr0339618	-40
FBtr0339618.1	-40
FBtr0339615	-8
FBtr0339615.1	-8
FBtr0334771.3	-6
FBtr0334771	-59
FBtr0334771.2	-3
FBtr0334771.1	-59
FBtr0091662	-172333
FBtr0091662.1	-172333
FBtr0347324.2	-143
FBtr0347324	-274
FBtr0347324.1	-274
FBtr0344658	-32
FBtr0344658.1	-32
FBtr0345246.4	-39181
FBtr0345247.4	-39181
FBtr0345246	-338
FBtr0345247	-338
FBtr0345247.3	-35
FBtr0345246.3	-35
FBtr0345246.2	-33
FBtr0345247.2	-33
FBtr0345246.1	-338
FBtr0345247.1	-338
FBtr0346411	-4
FBtr0346411.1	-4
FBtr0347326	-10605
FBtr0347326.1	-10605
FBtr0347041	-35
FBtr0347041.1	-35
FBtr0346365	-31
FBtr0346365.1	-31
FBtr0334338	-509
FBtr0334338.1	-509
FBtr0346366	-326
FBtr0346366.1	-326
FBtr0347198.2	-40
FBtr0347198	-485
FBtr0347198.1	-485
FBtr0347330.2	-12
FBtr0347330	-383
FBtr0347330.1	-383
FBtr0473393	-1.00291e+06
FBtr0473393.1	-1.00291e+06
FBtr0345242.5	-3
FBtr0345242	-39
FBtr0345242.4	-2
FBtr0345242.3	-29
FBtr0345242.2	-129
FBtr0345242.1	-39
FBtr0336803	-96
FBtr0336803.1	-96
FBtr0343920.2	
FBtr0345279.2	
FBtr0343920	-2
FBtr0345279	-2
FBtr0343920.1	-2
FBtr0345279.1	-2
FBtr0309191.2	-2
FBtr0309191	-110
FBtr0309191.1	-110
FBtr0347333	-46
FBtr0347333.1	-46
FBtr0346981	-9052
FBtr0346981.1	-9052
FBtr0345235	-68
FBtr0345235.1	-68
FBtr0345328.2	-2
FBtr0345328	-3
FBtr0345328.1	-3
FBtr0309990	-3
FBtr0309990.1	-3
FBtr0309989	-31
FBtr0309989.1	-31
FBtr0309988	-2989
FBtr0309988.1	-2989
FBtr0332549.3	-5
FBtr0332549	-90
FBtr0332549.2	-6
FBtr0332549.1	-90
FBtr0343921.2	-2
FBtr0343921	-5
FBtr0343921.1	-5
FBtr0346374	-9
FBtr0346374.1	-9
FBtr0306322.5	-3
FBtr0306322	-1522
FBtr0306322.4	-3
FBtr0306321.3	-19
FBtr0306321	-1522
FBtr0306322.3	-19
FBtr0306321.2	-7
FBtr0306322.2	-7
FBtr0306321.1	-1522
FBtr0306322.1	-1522
FBtr0344312	-13
FBtr0344312.1	-13
FBtr0310085	-152
FBtr0310085.1	-152
FBtr0310084	-1021
FBtr0310084.1	-1021
FBtr0343922.2	-2
FBtr0343922	-172
FBtr0343922.1	-172
FBtr0344484	-123
FBtr0344484.1	-123
FBtr0347307	-131
FBtr0347307.1	-131
FBtr0344656.2	-10
FBtr0346734.2	-10
FBtr0346734	-273
FBtr0344656	-4
FBtr0346734.1	-273
FBtr0344656.1	-4
FBtr0347316	-73
FBtr0347316.1	-73
FBtr0347317	-8
FBtr0347317.1	-8
FBtr0347528.2	-6
FBtr0347528	-641
FBtr0347528.1	-641
FBtr0346219	-94
FBtr0346219.1	-94
FBtr0344481.3	-23
FBtr0344481	-226
FBtr0344481.2	-86
FBtr0344481.1	-226
FBtr0309308.2	-33
FBtr0309308	-134
FBtr0309308.1	-134
FBtr0347319	-4
FBtr0347319.1	-4
FBtr0339325	-191
FBtr0339325.1	-191
FBtr0091695	-3
FBtr0091695.1	-3
FBtr0346222.2	-218
FBtr0346222	-95
FBtr0346222.1	-95
FBtr0479710.2	-169
FBtr0479711	-2278
FBtr0479711.1	-2278
FBtr0479710	-12
FBtr0479712	-91
FBtr0479712.1	-91
FBtr0479710.1	-12
FBtr0347320	-15
FBtr0347320.1	-15
FBtr0347315	-26
FBtr0347315.1	-26
FBtr0347314	-18
FBtr0347314.1	-18
FBtr0347313	-47
FBtr0347313.1	-47
FBtr0344313.2	-9
FBtr0344313	-19
FBtr0344313.1	-19
FBtr0344593	-18
FBtr0344593.1	-18
FBtr0347336	-2
FBtr0347336.1	-2
FBtr0347338	-8
FBtr0347338.1	-8
FBtr0347339	-74
FBtr0347339.1	-74
FBtr0339191	-18
FBtr0339191.1	-18
FBtr0347340.2	-6
FBtr0347340	-49
FBtr0347340.1	-49
FBtr0346224	-47
FBtr0346224.1	-47
FBtr0346201	-183
FBtr0346201.1	-183
FBtr0334340	-3
FBtr0334340.1	-3
FBtr0346225	-2
FBtr0346225.1	-2
FBtr0347343	-9
FBtr0347343.1	-9
FBtr0343925.4	-6
FBtr0343925	-3
FBtr0343925.3	-10
FBtr0343925.2	-2
FBtr0343925.1	-3
FBtr0347344	-51
FBtr0347344.1	-51
FBtr0334704.2	-3
FBtr0334704	-491
FBtr0334704.1	-491
FBtr0339184	-57
FBtr0339184.1	-57
FBtr0347348	-25
FBtr0347348.1	-25
FBtr0347347	-17
FBtr0347347.1	-17
FBtr0346209.4	-9
FBtr0346209	-7
FBtr0346208.3	-5
FBtr0346208	-7
FBtr0346209.3	-5
FBtr0346208.2	-4
FBtr0346209.2	-4
FBtr0346208.1	-7
FBtr0346209.1	-7
FBtr0335442	-33
FBtr0335442.1	-33
FBtr0306291	-1
FBtr0306291.1	-1
FBtr0345123.4	-14
FBtr0345123	-6121
FBtr0345123.3	-3
FBtr0345123.2	-7
FBtr0345123.1	-6121
FBtr0347515	-13
FBtr0347515.1	-13
FBtr0347352	-10
FBtr0347352.1	-10
FBtr0433532	-1881
FBtr0433532.1	-1881
FBtr0085775	-1881
FBtr0085775.1	-1881
FBtr0346231	-78
FBtr0346231.1	-78
FBtr0347354	-4
FBtr0347354.1	-4
FBtr0345124.3	-23
FBtr0345124	-87
FBtr0345124.2	-6
FBtr0345124.1	-87
FBtr0334932.2	-19
FBtr0334932	-187
FBtr0334932.1	-187
FBtr0346221.2	-111
FBtr0346221	-111
FBtr0346221.1	-111
FBtr0346220	-8
FBtr0346220.1	-8
FBtr0344393	-29
FBtr0344393.1	-29
FBtr0309071	-126
FBtr0309071.1	-126
FBtr0333703	-2
FBtr0333703.1	-2
FBtr0479982.2	-11
FBtr0479982	-4
FBtr0479983.2	-11
FBtr0479983	-6818
FBtr0479983.1	-6818
FBtr0479982.1	-4
FBtr0347294.2	-3
FBtr0347294	-150
FBtr0347294.1	-150
FBtr0333707.2	-44
FBtr0333707	-198522
FBtr0333707.1	-198522
FBtr0345199	-184
FBtr0345199.1	-184
FBtr0345200	-52
FBtr0345200.1	-52
FBtr0345201	-30
FBtr0345201.1	-30
FBtr0345996.4	-2
FBtr0345997.4	-2
FBtr0345995	-546
FBtr0345995.1	-546
FBtr0345996	-546
FBtr0345997	-546
FBtr0345996.3	-2
FBtr0345997.3	-2
FBtr0345997.2	-5
FBtr0345996.2	-5
FBtr0345996.1	-546
FBtr0345997.1	-546
FBtr0332568.2	-1
FBtr0332568	-256
FBtr0332568.1	-256
FBtr0342970.3	-8
FBtr0342970	-715
FBtr0342970.2	-20
FBtr0342970.1	-715
FBtr0346791	-50
FBtr0346791.1	-50
FBtr0343793.2	-3
FBtr0343793	-18
FBtr0343793.1	-18
FBtr0343792.2	-7
FBtr0343792	-350
FBtr0343792.1	-350
FBtr0475043.3	-74
FBtr0475043	-66423
FBtr0475043.2	-43
FBtr0475043.1	-66423
FBtr0300446.2	-302
FBtr0300446	-642
FBtr0300446.1	-642
FBtr0340531	-136
FBtr0340531.1	-136
FBtr0346000	-19
FBtr0346000.1	-19
FBtr0091687	-970
FBtr0091687.1	-970
FBtr0342773.4	-14
FBtr0342773	-1152
FBtr0342773.3	-3
FBtr0342773.2	-4
FBtr0342773.1	-1152
FBtr0309994.3	-12
FBtr0309994	-1131
FBtr0309994.2	-4
FBtr0309994.1	-1131
FBtr0308939.2	-6
FBtr0308939	-137
FBtr0308938.2	-6
FBtr0308938	-137
FBtr0308938.1	-137
FBtr0308939.1	-137
FBtr0340601	-3
FBtr0340601.1	-3
FBtr0309525	-41
FBtr0309525.1	-41
FBtr0343761.2	-9
FBtr0343761	-6
FBtr0343761.1	-6
FBtr0307365	-44736
FBtr0307365.1	-44736
FBtr0307366	-44736
FBtr0307366.1	-44736
FBtr0335189	
FBtr0335189.1	
FBtr0335188	-1
FBtr0335188.1	-1
FBtr0345714	-8.78286e+06
FBtr0345714.1	-8.78286e+06
FBtr0337067	-8.78286e+06
FBtr0337067.1	-8.78286e+06
FBtr0337066	-123714
FBtr0337066.1	-123714
FBtr0070635.2	-11619
FBtr0070635	-174060
FBtr0070634	-123714
FBtr0070634.1	-123714
FBtr0070635.1	-174060
FBtr0306828.2	-2
FBtr0306828	-13
FBtr0306828.1	-13
FBtr0346012	-2
FBtr0346012.1	-2
FBtr0347547.2	-22
FBtr0347547	-4
FBtr0347549	-4
FBtr0347549.1	-4
FBtr0347548.2	-22
FBtr0347548	-4
FBtr0347548.1	-4
FBtr0347547.1	-4
FBtr0473380	-649
FBtr0473380.1	-649
FBtr0346013	-46
FBtr0346013.1	-46
FBtr0343889.3	-4
FBtr0347427.3	-4
FBtr0343889	-7
FBtr0347427	-7
FBtr0347427.2	-5
FBtr0343889.2	-5
FBtr0343889.1	-7
FBtr0347427.1	-7
FBtr0309825.3	-6
FBtr0309825	-391
FBtr0309825.2	-3
FBtr0309825.1	-391
FBtr0344479.3	-4
FBtr0344480.5	-4
FBtr0344479	-2
FBtr0344480	-1166
FBtr0344479.2	-8
FBtr0344480.4	-8
FBtr0344479.1	-2
FBtr0344480.3	-5
FBtr0344480.2	-1
FBtr0344480.1	-1166
FBtr0346021	-32
FBtr0346021.1	-32
FBtr0346038	-5
FBtr0346038.1	-5
FBtr0309526	-61
FBtr0309526.1	-61
FBtr0472837	-255
FBtr0472837.1	-255
FBtr0343542.4	-10
FBtr0343542	-245
FBtr0343542.3	-7
FBtr0343542.2	-3
FBtr0343542.1	-245
FBtr0343543	-508
FBtr0343543.1	-508
FBtr0346056	-96
FBtr0346056.1	-96
FBtr0343929.3	-3
FBtr0343929	-3
FBtr0343929.2	-2
FBtr0343929.1	-3
FBtr0346064	-308
FBtr0346064.1	-308
FBtr0346080	-121
FBtr0346080.1	-121
FBtr0343541	-9187
FBtr0343541.1	-9187
FBtr0306548	-599
FBtr0306548.1	-599
FBtr0346401.3	-147
FBtr0346401	-2727
FBtr0346401.2	-6
FBtr0346401.1	-2727
FBtr0343374	-39
FBtr0343374.1	-39
FBtr0332275.2	-2
FBtr0332275	-10
FBtr0332275.1	-10
FBtr0343978.2	-5
FBtr0343978	-9
FBtr0343978.1	-9
FBtr0309528.2	-5
FBtr0309527	-8411
FBtr0309527.1	-8411
FBtr0309528	-8411
FBtr0309528.1	-8411
FBtr0332283.2	-61
FBtr0332282.2	-61
FBtr0332282	-899
FBtr0332283	-899
FBtr0332282.1	-899
FBtr0332283.1	-899
FBtr0346102	-2
FBtr0346102.1	-2
FBtr0071016.3	-60
FBtr0071016	-2947
FBtr0071016.2	-6
FBtr0071016.1	-2947
FBtr0339821.4	-13
FBtr0339823.5	-13
FBtr0339821	-851
FBtr0339823	-851
FBtr0339822.5	-22
FBtr0339822	-851
FBtr0339822.4	-4
FBtr0339823.4	-4
FBtr0339821.3	-2
FBtr0339822.3	-2
FBtr0339823.3	-2
FBtr0339821.2	-4
FBtr0339822.2	-4
FBtr0339823.2	-4
FBtr0339821.1	-851
FBtr0339822.1	-851
FBtr0339823.1	-851
FBtr0340605	-2
FBtr0340605.1	-2
FBtr0347239.3	-13
FBtr0347240.4	-13
FBtr0347239	-31978
FBtr0347240	-31978
FBtr0347239.2	-101
FBtr0347240.3	-101
FBtr0347240.2	-2
FBtr0347239.1	-31978
FBtr0347240.1	-31978
FBtr0340607	-4
FBtr0340607.1	-4
FBtr0346400	-4
FBtr0346400.1	-4
FBtr0346399	-4
FBtr0346399.1	-4
FBtr0346398	-4
FBtr0346398.1	-4
FBtr0346397	-4
FBtr0346397.1	-4
FBtr0347241	-34
FBtr0347241.1	-34
FBtr0347472	-346
FBtr0347472.1	-346
FBtr0340608.2	-3
FBtr0340608	-12
FBtr0340608.1	-12
FBtr0335124.2	-4
FBtr0335124	-7
FBtr0335124.1	-7
FBtr0332279.4	-23
FBtr0332280.3	-23
FBtr0332279	-5249
FBtr0332280	-5249
FBtr0332281.5	-5
FBtr0332281	-5249
FBtr0332281.4	-5
FBtr0332279.3	-4
FBtr0332281.3	-4
FBtr0332279.2	-14
FBtr0332280.2	-14
FBtr0332281.2	-14
FBtr0332279.1	-5249
FBtr0332280.1	-5249
FBtr0332281.1	-5249
FBtr0346176	-7
FBtr0346176.1	-7
FBtr0340641.2	-12
FBtr0340641	-19
FBtr0340641.1	-19
FBtr0303397.2	-34
FBtr0303397	-3669
FBtr0303397.1	-3669
FBtr0346180	-42
FBtr0346180.1	-42
FBtr0346179	-6
FBtr0346179.1	-6
FBtr0334321.2	-5
FBtr0334321	-67
FBtr0334321.1	-67
FBtr0309530	-126
FBtr0309530.1	-126
FBtr0345084	-1890
FBtr0345084.1	-1890
FBtr0346262	-8
FBtr0346262.1	-8
FBtr0343796.4	-6
FBtr0343796	-33
FBtr0343795.4	-11
FBtr0343795	-33
FBtr0343795.3	-2
FBtr0343796.3	-2
FBtr0343795.2	-2
FBtr0343796.2	-2
FBtr0343795.1	-33
FBtr0343796.1	-33
FBtr0345221	-635
FBtr0345221.1	-635
FBtr0346283	-243
FBtr0346283.1	-243
FBtr0340710	-85
FBtr0340710.1	-85
FBtr0339228	-185
FBtr0339228.1	-185
FBtr0346305	-197
FBtr0346305.1	-197
FBtr0343975.3	-21
FBtr0343976.3	-21
FBtr0343975	-34
FBtr0343976	-34
FBtr0343975.2	-61
FBtr0343976.2	-61
FBtr0343975.1	-34
FBtr0343976.1	-34
FBtr0346306	-173
FBtr0346306.1	-173
FBtr0073593.4	-2
FBtr0073593	-18
FBtr0073593.3	-10
FBtr0073593.2	-11
FBtr0073593.1	-18
FBtr0305608.3	-6
FBtr0343099.3	-6
FBtr0305608	-67
FBtr0343099	-67
FBtr0305608.2	-4
FBtr0343099.2	-4
FBtr0305608.1	-67
FBtr0343099.1	-67
FBtr0331750.3	-7
FBtr0343098.3	-7
FBtr0331750	-12
FBtr0343098	-9
FBtr0331750.2	-2
FBtr0343098.2	-2
FBtr0331750.1	-12
FBtr0343098.1	-9
FBtr0344562.3	-7
FBtr0344562	-2327
FBtr0344562.2	-8
FBtr0344562.1	-2327
FBtr0347270.5	-4
FBtr0347270	-17
FBtr0347270.4	-4
FBtr0347270.3	-15
FBtr0347270.2	-23
FBtr0347270.1	-17
FBtr0346310.2	-4
FBtr0346310	-2364
FBtr0346309.2	-4
FBtr0346309	-2364
FBtr0346311.2	-34
FBtr0346311	-2364
FBtr0346309.1	-2364
FBtr0346310.1	-2364
FBtr0346311.1	-2364
FBtr0333774.2	-197
FBtr0333775.2	-197
FBtr0333775	-7
FBtr0333774	-190
FBtr0333775.1	-7
FBtr0333774.1	-190
FBtr0309993.3	-7
FBtr0309993	-102
FBtr0309993.2	-4
FBtr0309993.1	-102
FBtr0309992.2	-18
FBtr0309992	-7426
FBtr0309992.1	-7426
FBtr0091636	-63
FBtr0091636.1	-63
FBtr0346489	-2
FBtr0346489.1	-2
FBtr0346488	-3
FBtr0346488.1	-3
FBtr0342625	-27
FBtr0342625.1	-27
FBtr0340432	-14
FBtr0340432.1	-14
FBtr0347114	-10
FBtr0347114.1	-10
FBtr0479952.2	-6
FBtr0479954.2	-11
FBtr0479955.2	-11
FBtr0479952	-1
FBtr0479954	-1
FBtr0479955	-1
FBtr0479954.1	-1
FBtr0479955.1	-1
FBtr0479953.2	-6
FBtr0479953	-1
FBtr0479952.1	-1
FBtr0479953.1	-1
FBtr0346068	-32
FBtr0346068.1	-32
FBtr0343516	-55
FBtr0343516.1	-55
FBtr0342724	-2
FBtr0342724.1	-2
FBtr0343973.2	-4
FBtr0343973	-6
FBtr0343973.1	-6
FBtr0340435.2	-48
FBtr0340435	-726
FBtr0340435.1	-726
FBtr0343974.2	-3
FBtr0343974	-9
FBtr0343974.1	-9
FBtr0344946.2	-4
FBtr0344074	-74
FBtr0344074.1	-74
FBtr0344946	-5
FBtr0344946.1	-5
FBtr0343766	-10
FBtr0343766.1	-10
FBtr0339811	-246
FBtr0339811.1	-246
FBtr0344945.2	-3
FBtr0344945	-26
FBtr0344945.1	-26
FBtr0306831.4	-2
FBtr0306831	-55
FBtr0306830.3	-2
FBtr0306830	-55
FBtr0306829.2	-2
FBtr0306829	-144
FBtr0306830.2	-1
FBtr0306831.3	-1
FBtr0306831.2	-5
FBtr0306830.1	-55
FBtr0306831.1	-55
FBtr0306829.1	-144
FBtr0346072	-17
FBtr0346072.1	-17
FBtr0340117.2	-40
FBtr0340117	-98
FBtr0340118	-98
FBtr0340118.1	-98
FBtr0340117.1	-98
FBtr0344086.2	-6
FBtr0344086	-32
FBtr0344086.1	-32
FBtr0347491.2	-12
FBtr0347492.2	-12
FBtr0347491	-500
FBtr0347492	-500
FBtr0347491.1	-500
FBtr0347492.1	-500
FBtr0475055	-13
FBtr0475055.1	-13
FBtr0347399	-2413
FBtr0347399.1	-2413
FBtr0334775.3	-2
FBtr0334775	-30
FBtr0334775.2	-7
FBtr0334775.1	-30
FBtr0335277.2	-2
FBtr0335277	-137
FBtr0335277.1	-137
FBtr0331291	-12
FBtr0331291.1	-12
FBtr0342975.2	-4
FBtr0342975	-12
FBtr0342975.1	-12
FBtr0334466.2	-5
FBtr0334466	-54
FBtr0334466.1	-54
FBtr0309522	-120
FBtr0309522.1	-120
FBtr0342785.2	-265
FBtr0342785	-312
FBtr0342785.1	-312
FBtr0334045.3	-24
FBtr0334045	-66
FBtr0334045.2	-6
FBtr0334045.1	-66
FBtr0346287	-21
FBtr0346287.1	-21
FBtr0346286	-21
FBtr0346286.1	-21
FBtr0445671.3	-1
FBtr0445671	-322
FBtr0445671.2	-11
FBtr0445671.1	-322
FBtr0346312	-338
FBtr0346312.1	-338
FBtr0346288	-156
FBtr0346288.1	-156
FBtr0346295	-1
FBtr0346295.1	-1
FBtr0346290	-115
FBtr0346290.1	-115
FBtr0346289	-27
FBtr0346289.1	-27
FBtr0310488	-5
FBtr0310488.1	-5
FBtr0309523.2	-2
FBtr0309523	-32
FBtr0309523.1	-32
FBtr0342844	-15
FBtr0342844.1	-15
FBtr0346490	-230
FBtr0346490.1	-230
FBtr0342847.2	-6
FBtr0342847	-107
FBtr0342847.1	-107
FBtr0346067.2	-5
FBtr0346067	-51
FBtr0346067.1	-51
FBtr0343603	-81
FBtr0343603.1	-81
FBtr0091699.2	-4
FBtr0091699	-9
FBtr0091699.1	-9
FBtr0342869.2	-7
FBtr0342869	-36
FBtr0342869.1	-36
FBtr0339739	-810
FBtr0339739.1	-810
FBtr0340613	-213
FBtr0340613.1	-213
FBtr0346043	-521
FBtr0346043.1	-521
FBtr0343760.3	-6
FBtr0343760	-79
FBtr0343760.2	-4
FBtr0343760.1	-79
FBtr0345965	-377
FBtr0345965.1	-377
FBtr0345966	-17
FBtr0345966.1	-17
FBtr0346047	
FBtr0346047.1	
FBtr0346046	
FBtr0346046.1	
FBtr0345968	-581
FBtr0345968.1	-581
FBtr0345969	-581
FBtr0345969.1	-581
FBtr0346291	-10
FBtr0346291.1	-10
FBtr0332284.2	-2
FBtr0332284	-1
FBtr0332284.1	-1
FBtr0340439	-39
FBtr0340439.1	-39
FBtr0340058.2	-29
FBtr0340058	-60
FBtr0340058.1	-60
FBtr0346293.2	-6
FBtr0346293	-104
FBtr0346293.1	-104
FBtr0346292	-9
FBtr0346292.1	-9
FBtr0346039	-6
FBtr0346039.1	-6
FBtr0344103.2	-2
FBtr0344103	-2
FBtr0344103.1	-2
FBtr0346050	-2
FBtr0346050.1	-2
FBtr0346049	-1
FBtr0346049.1	-1
FBtr0346053	-2
FBtr0346053.1	-2
FBtr0346052	-5
FBtr0346052.1	-5
FBtr0346051	-2
FBtr0346051.1	-2
FBtr0344464.2	-2
FBtr0344464	-147
FBtr0344464.1	-147
FBtr0309524.2	-6
FBtr0309524	-2740
FBtr0309524.1	-2740
FBtr0345927.2	-5
FBtr0345927	-24
FBtr0333773.2	-5
FBtr0333773	-24
FBtr0333773.1	-24
FBtr0345927.1	-24
FBtr0335051.3	-2
FBtr0335051	-101
FBtr0335051.2	-2
FBtr0335051.1	-101
FBtr0345959	-8
FBtr0345959.1	-8
FBtr0310112.4	-1
FBtr0310112	-361
FBtr0310113.4	-1
FBtr0310113	-361
FBtr0310112.3	-2
FBtr0310113.3	-2
FBtr0310112.2	-2
FBtr0310113.2	-2
FBtr0310112.1	-361
FBtr0310113.1	-361
FBtr0346044	-29
FBtr0346044.1	-29
FBtr0300151	
FBtr0300151.1	
FBtr0300135	
FBtr0300135.1	
FBtr0302348	
FBtr0302348.1	
FBtr0346688	
FBtr0346688.1	
FBtr0300149	
FBtr0300149.1	
FBtr0300148	
FBtr0300148.1	
FBtr0300158	-2
FBtr0300158.1	-2
FBtr0300154	
FBtr0300154.1	
FBtr0302336	
FBtr0302336.1	
FBtr0346689	-13
FBtr0346689.1	-13
FBtr0346690	
FBtr0346690.1	
FBtr0346789	
FBtr0346789.1	
FBtr0300140	
FBtr0300140.1	
FBtr0300136	
FBtr0300136.1	
FBtr0300143	
FBtr0300143.1	
FBtr0346787	
FBtr0346787.1	
